,v1 (price only),v4 (price+insider),momentum 20d,SPY buy & hold
2022-01-03,100000.0,100000.0,95594.29936883847,100000.0
2022-01-04,100493.91913050001,99149.82921799998,95716.17119283848,99615.9436585
2022-01-05,98411.44246296954,96167.60255046953,94132.86277433488,97710.9236585
2022-01-06,97965.58216521819,95550.77423447277,93730.26626350032,97618.1036585
2022-01-07,98044.05400920096,95171.07661076813,94617.17642050033,97233.56365849999
2022-01-10,97111.03225520096,94206.79629199322,94085.04642050032,97114.2236585
2022-01-11,98621.93753062168,95607.1739729932,95278.20642050031,97991.59365849999
2022-01-12,99277.23568512658,95474.37387099813,94894.45642050033,98259.0036585
2022-01-13,98844.39565012661,94371.7131784718,94597.59642050033,96908.6936585
2022-01-14,98807.6256501266,94250.6405974688,95445.90642050032,96948.4736585
2022-01-18,96761.93275277849,92247.92643227187,95298.50642050031,95237.9336585
2022-01-19,96432.72926177848,91365.3823797719,93502.42837050032,94252.27365850001
2022-01-20,95095.72219677849,89808.28403477187,91804.52496450032,93213.5736585
2022-01-21,91537.75600291461,87179.48595917196,90475.11415870403,91388.11365849999
2022-01-24,91583.86348375145,87606.21171703475,90390.41195614847,91774.86365849999
2022-01-25,91434.16570075144,86566.29295353476,94257.67244595295,90658.81365849999
2022-01-26,91143.54570075145,86282.77295353476,94303.03745892539,90433.39365849999
2022-01-27,90095.9424769732,87220.89295353477,93937.4390154254,89986.9736585
2022-01-28,92016.52110668992,88332.81295353475,94727.26901542541,92214.6536585
2022-01-31,95675.48475016649,89937.14184056835,94863.8190154254,93869.9436585
2022-02-01,96511.3469101665,90012.97168056836,97182.99547671556,94502.0036585
2022-02-02,97870.7017813971,90635.45168056837,97389.57036971557,95416.9436585
2022-02-03,96626.18242589709,90500.63168056836,96564.62036971556,93180.4236585
2022-02-04,96452.0024258971,89653.78962256835,97879.0049213107,93618.0036585
2022-02-07,98798.60894389708,89852.06362706836,98843.1296973107,93319.6536585
2022-02-08,99481.38959589708,89739.05885906835,97035.97841431071,94084.31365849999
2022-02-09,100348.79896779526,90908.86630706834,98092.8695643107,95456.7236585
2022-02-10,99636.85241185546,89210.36630706834,97744.17646881069,93746.1836585
2022-02-11,100575.76823585547,89547.56630706835,98683.1722938107,91905.2536585
2022-02-14,99155.52005785546,88237.99630706834,96917.78229381068,91604.6936585
2022-02-15,98882.50093385547,87869.41173106834,96546.87229381071,93076.55365850001
2022-02-16,99367.10254935546,88609.55209856834,96931.0560828107,93180.4236585
2022-02-17,98592.82077185546,88646.53433749541,96142.4315573107,91198.05365850001
2022-02-18,98046.56719191198,88222.15235749542,95534.94426831027,90610.1936585
2022-02-22,95330.37884191197,87075.35276069495,94314.33345643294,89640.0036585
2022-02-23,94870.5718099201,86773.9619789774,93175.03700793296,88079.7436585
2022-02-24,96663.7390949201,86812.22040447741,91426.51674796565,89310.7136585
2022-02-25,98945.34873862262,89551.20539897741,93997.78747096565,91341.7036585
2022-02-28,100614.4945747264,91264.53428175779,95923.44892934657,91107.4436585
2022-03-01,99034.31843672639,90431.16440642187,95423.3160587445,89726.1936585
2022-03-02,100783.4973177264,91517.96523085581,97038.3330397445,91370.4336585
2022-03-03,100437.13731772639,91418.48919335581,95626.77139814213,90917.3836585
2022-03-04,99452.50468082778,91282.94833244261,95323.24556811279,90181.4536585
2022-03-07,97373.21768098447,89765.37384959002,94251.24360463701,87531.6636585
2022-03-08,96936.89185148448,89142.51240122449,92496.837419637,86870.8736585
2022-03-09,100800.08185148449,90644.79636022451,91309.45115043844,89191.3736585
2022-03-10,99477.84036148446,90163.66325122451,93388.06973968845,88789.1536585
2022-03-11,97563.64308808847,88578.32100872452,93021.55973968844,87664.2636585
2022-03-14,97226.78216373324,87940.90228372451,90094.94855155569,87025.5736585
2022-03-15,99753.64473673324,90104.46092872453,89106.5793622359,88932.80365850001
2022-03-16,101393.22868254245,92963.84012634431,88076.59306673589,90897.4936585
2022-03-17,104201.18908654246,94390.22860784431,90274.28807473593,92031.2236585
2022-03-18,105054.19458546878,95897.61188100425,90457.7955384784,93036.77365850001
2022-03-21,107142.98090020166,94752.33278400425,91412.55865743643,93008.0436585
2022-03-22,107295.68003038497,95553.13431800425,91345.47957893644,94093.1536585
2022-03-23,107413.88588586356,93122.96486400424,92678.00158343643,92886.4936585
2022-03-24,108208.15980086358,93722.05952500424,93370.15870343643,94281.0036585
2022-03-25,109145.97980086357,93768.28835150425,94392.41740343644,94740.6836585
2022-03-28,109189.10980086356,94627.38646650423,92638.25740343644,95397.05365850001
2022-03-29,110603.96953586358,96443.10646650424,92695.41099045787,96583.8236585
2022-03-30,110528.16405586358,95148.38693150424,92370.26306295788,96011.4336585
2022-03-31,110550.24003801998,93589.78629600424,92651.41698695788,94521.89365849999
2022-04-01,111708.37688901997,93501.61183100424,93317.85829895426,94787.09365849999
2022-04-04,111337.71928401997,93917.73351100425,94830.51888545426,95598.1636585
2022-04-05,109907.42579551996,92036.73059900425,92819.65651995425,94393.7136585
2022-04-06,108805.95418551998,90702.16590197153,91789.84140767233,93452.2536585
2022-04-07,109466.87535501998,91212.85845572152,92104.98625567234,93922.9836585
2022-04-08,110858.17232901999,90301.82677121132,91808.28675190089,93671.0436585
2022-04-11,109303.56232901997,89243.03146068435,90823.88525544973,92075.4236585
2022-04-12,110409.89232901996,88437.25429860628,90447.40907494973,91737.2936585
2022-04-13,111023.76222901998,90177.42345457786,93123.73074294973,92782.6236585
2022-04-14,110142.50668601997,88241.56292207785,92519.07367762964,91631.2136585
2022-04-18,110499.53933801997,87698.66872989184,93864.92612033065,91668.7836585
2022-04-19,112601.69733501997,90234.70306289184,94191.57936733063,93145.06365849999
2022-04-20,112488.09076814496,90160.33852089185,93661.26936733065,93076.55365850001
2022-04-21,111423.57870814495,87872.0021344137,93283.05158815563,91688.6736585
2022-04-22,109462.32362885393,86450.74419891369,91807.24083836866,89180.3236585
2022-04-25,109276.29105985395,86960.30044501412,91690.99091603456,89697.4636585
2022-04-26,107870.30806735394,84697.43526936005,89006.47097692158,87107.34365849999
2022-04-27,108314.98728466661,85276.56140836004,89356.3246239216,87352.6536585
2022-04-28,109235.4206266666,86960.16323248247,90626.78462392159,89551.6036585
2022-04-29,107106.70681706231,84184.60908248246,89018.37074592158,86252.0736585
2022-05-02,105348.64528379592,84989.30626248247,88853.25810192157,86769.2136585
2022-05-03,105515.42243079594,85640.41827448246,89699.21810192156,87167.0136585
2022-05-04,107820.81680279593,88655.84462584596,90974.35810192158,89812.3836585
2022-05-05,106118.87062279593,85164.49635759041,89136.44810192157,86629.9836585
2022-05-06,106098.99012423921,83538.64785659041,88025.93291727008,86115.05365850001
2022-05-09,103819.51785873923,81364.95653876185,86670.0579210468,83368.02365850001
2022-05-10,103524.35432423922,79399.50559281756,85841.49651488879,83560.2936585
2022-05-11,101499.31425169915,77168.75813203967,84970.35540207289,82238.7136585
2022-05-12,101797.06159591528,77091.6181240285,85420.87678257289,82152.52365850001
2022-05-13,105850.31377291528,79967.9908060285,87122.4467825729,84108.3736585
2022-05-16,104646.27477941527,78589.07655602849,87935.9816315729,83768.0336585
2022-05-17,106849.21472141528,80321.8889500285,89301.41986457289,85485.2036585
2022-05-18,101861.2416764746,76897.38477000585,86279.76294210085,82053.0736585
2022-05-19,101996.60763792272,77795.82458750586,86145.79515848578,81551.4036585
2022-05-20,101118.32415992273,77985.49458750586,86042.60064348577,81586.7636585
2022-05-23,101749.08801492273,78419.02458750586,86768.42207848576,83107.2436585
2022-05-24,99671.31086889822,74860.08476141751,86995.44688098578,82475.1836585
2022-05-25,102640.93638539819,77545.51969541752,88071.78650520615,83202.27365850001
2022-05-26,106140.40854563042,80487.96194390801,89470.35128920616,84857.56365849999
2022-05-27,108173.76237291493,82200.20128143765,91743.41603283628,86932.7536585
2022-05-31,107644.80244641495,81590.45729193764,90874.1095407522,86446.55365850001
2022-06-01,106519.24244641497,80597.74729193765,90744.95691693394,85750.4036585
2022-06-02,107312.42244641496,81852.56593142379,90973.39659093393,87365.9136585
2022-06-03,106719.30316741494,81309.64647942377,91701.43111893394,85949.30365850001
2022-06-06,106802.52683041496,81511.12918392377,92051.1206189006,86210.08365849999
2022-06-07,108015.63686391496,82218.04918392377,93050.5944824006,87032.2036585
2022-06-08,106028.21632591495,81394.90918392377,92047.3944824006,86090.7436585
2022-06-09,103614.76920941495,80033.18063392378,89826.4144824006,84050.9136585
2022-06-10,103143.98920941495,79594.79198830352,87618.89775307589,81622.1236585
2022-06-13,100067.3647902952,78330.01855750012,84607.97235439686,78534.7536585
2022-06-14,98766.99563231133,78503.25625000012,83800.70178639685,78300.4936585
2022-06-15,97828.4608244755,80446.11702245158,84592.88233228802,79412.1236585
2022-06-16,94495.85811330838,76984.90670645158,80350.19853381123,76793.27365850001
2022-06-17,92368.04500260751,77823.27186825097,82366.16083681125,76959.02365850001
2022-06-21,93832.75906060751,78597.61663025097,84381.07083681124,78888.3536585
2022-06-22,91948.1190606075,79111.91268275098,84232.13083681125,78744.7036585
2022-06-23,90668.35880482139,79595.1030299095,85946.25855042871,79513.7836585
2022-06-24,91658.83649082137,81305.3171225109,87327.76384621323,82033.1836585
2022-06-27,94085.14179232139,82358.6423960109,87185.27121327304,81719.36365849999
2022-06-28,96229.90179232138,83034.7921335109,84402.46297898101,80057.4436585
2022-06-29,93306.17612332138,81651.91866451089,84128.04743298102,79991.14365849999
2022-06-30,92135.76080382137,80828.32053001088,83709.37264498102,79345.8236585
2022-07-01,92744.29315316847,81417.4398600109,84221.13216998102,80181.2036585
2022-07-05,90078.02515828836,79976.43911024401,84292.56957498103,80331.4836585
2022-07-06,89394.50189344927,79507.90511249698,84702.50119248102,80601.1036585
2022-07-07,91711.00580144927,81984.39370921362,86161.23131134365,81803.34365849999
2022-07-08,91779.43580144928,81952.86598144843,86228.39296734365,81737.0436585
2022-07-11,91016.85791644927,81014.87765394842,85796.09296734363,80806.6336585
2022-07-12,90051.81935044928,81059.57365394844,84723.41296734364,80095.0136585
2022-07-13,90207.58935044927,80702.64165394842,84463.35296734364,79675.11365849999
2022-07-14,88246.16589989747,79312.07351744843,83452.86803552973,79482.84365849999
2022-07-15,89505.04631691841,80541.77679091398,83929.19349102973,80994.4836585
2022-07-18,90606.60079491838,80595.62322350507,82795.65460402973,80329.27365850001
2022-07-19,92695.57583310742,82721.91803092958,84320.96139152971,82490.6536585
2022-07-20,92960.31410608956,82428.14112642956,84115.88650702972,83014.4236585
2022-07-21,92221.62843108954,82306.58333242957,85395.60686052972,83856.4336585
2022-07-22,91536.15174358955,81938.29420137832,84785.80686052972,83082.9336585
2022-07-25,93031.96174358953,82769.12587437831,84688.29686052972,83182.3836585
2022-07-26,93126.38174358953,82577.39398502832,83994.84686052971,82201.14365849999
2022-07-27,94234.16174358955,84054.25598502831,84645.35686052972,84327.1636585
2022-07-28,95518.68624126457,85268.13398502831,85557.59456804178,85374.7036585
2022-07-29,95835.42436276456,86158.36094102332,85275.0139050418,86621.14365849999
2022-08-01,95541.85103476458,86315.78365502332,85411.6750780418,86366.9936585
2022-08-02,94526.90618476456,85197.9077707453,85851.31012154178,85799.02365850001
2022-08-03,93863.55053076457,86389.59033374529,87734.26508554179,87138.2836585
2022-08-04,92335.51551409008,86017.6395802453,88241.8980265418,87078.61365849999
2022-08-05,93304.07938309007,86049.11816624529,87493.8118344538,86932.7536585
2022-08-08,94169.56603059007,86909.68936976069,87792.80534652201,86831.09365849999
2022-08-09,97445.46521909007,85178.91687876068,85006.96482007238,86488.5436585
2022-08-10,97397.56014709006,88373.6068787607,87957.91163257236,88298.5336585
2022-08-11,97652.06064909007,89938.63419376068,87803.97163257237,88298.5336585
2022-08-12,98724.51893359008,91388.07433476069,90129.07163257236,89788.0736585
2022-08-15,99136.05026309007,90310.76541926067,90589.07716551336,90154.9336585
2022-08-16,99058.03302309006,92388.27767026068,90946.8557821377,90331.7336585
2022-08-17,99320.33385024413,90035.54640426066,90277.6396471377,89693.0436585
2022-08-18,99867.15404424412,90870.98731645485,90242.14829513768,89953.8236585
2022-08-19,100960.66358387462,88568.35844801599,88089.04464860758,88749.3736585
2022-08-22,100631.29462937462,86597.27397234456,86714.08966519582,86906.2336585
2022-08-23,101645.89605337463,87022.69736254455,87202.60290269583,86698.4936585
2022-08-24,102299.54061566379,87871.82970842,88158.35130819582,86974.7436585
2022-08-25,102912.64796866378,89026.28690842,89920.93130819581,88196.8736585
2022-08-26,101043.4465396638,86155.52490841999,87451.09130819581,85222.2136585
2022-08-29,101050.4940971638,86539.01690842,87191.84130819581,84660.8736585
2022-08-30,99537.37974716378,85804.16278101844,86415.00792069582,83734.8836585
2022-08-31,98859.06443967266,85809.89034601847,86315.9886246958,83100.61365849999
2022-09-01,98094.26725167198,83855.98786330274,85992.86229973381,83361.39365849999
2022-09-02,98259.31338017195,83500.72596880274,86060.39095473381,82484.02365850001
2022-09-06,97713.41308767194,82376.48596880274,86112.29043742036,82174.6236585
2022-09-07,98507.5371194305,82186.63916116572,86715.2752908562,83644.27365850001
2022-09-08,99158.39801893049,82284.34949766571,88639.10900235618,84190.14365849999
2022-09-09,100851.9525929305,82504.49939666572,90203.40900235619,85494.0436585
2022-09-12,101930.4821269305,83405.46939666572,91210.78868585618,86408.9836585
2022-09-13,99624.62869243049,81456.85939666572,89506.9765138562,82665.2436585
2022-09-14,101492.91964443048,82923.70939666571,92014.31898726859,82979.06365849999
2022-09-15,99793.43058926545,81583.00739166573,90969.21148480865,82039.81365849999
2022-09-16,97434.70927569375,80463.52925309786,90059.54428080865,81416.59365849999
2022-09-19,98476.82501419375,80602.54734159786,90621.55012880867,82046.4436585
2022-09-20,97168.02626419373,79867.01684609786,89401.61616230865,81107.1936585
2022-09-21,97190.45636969374,78953.44684609787,87312.01400580865,79699.4236585
2022-09-22,96147.01833269375,78338.46764408587,86351.55137619369,79032.0036585
2022-09-23,92825.97405943184,76593.93898828121,84101.5932385815,77712.6336585
2022-09-26,91535.69296176714,75393.0785315252,83376.6212795815,76947.9736585
2022-09-27,91957.68361892008,75108.01515787441,83810.31210858151,76751.2836585
2022-09-28,95099.19739392008,77024.9958913744,85811.10210858149,78256.2936585
2022-09-29,94662.32847499817,75957.7558913744,83938.9121085815,76627.52365850001
2022-09-30,93983.54410849816,75364.4802707426,82693.32161305376,75447.3836585
2022-10-03,97518.91684729097,77444.8508262426,83780.9272029407,77431.9636585
2022-10-04,99842.43902747272,79356.29085675119,86245.94976542491,79820.9736585
2022-10-05,98848.60496388157,78750.03691371619,86392.04002342492,79635.33365849999
2022-10-06,98100.73677468298,77906.45580371619,85540.00051105121,78817.6336585
2022-10-07,96967.57996648298,76554.32924821619,84932.63491505123,76627.52365850001
2022-10-10,97542.46996648298,76717.13003771333,83585.47042102437,76046.2936585
2022-10-11,97351.244288483,76345.58419921332,83019.07231156291,75566.7236585
2022-10-12,95875.47316447424,75724.91799821332,82733.50629556291,75316.9936585
2022-10-13,97222.14271038724,77209.91811221332,84727.27461134577,77297.1536585
2022-10-14,94440.81765188725,75413.50355121332,81817.94338934576,75542.4136585
2022-10-17,96131.38765188724,76937.7925372133,82699.49298184577,77476.1636585
2022-10-18,97964.70752338725,77864.37678721332,83106.09400584575,78382.2636585
2022-10-19,97208.75422088726,76976.48172921332,83814.60001684574,77829.7636585
2022-10-20,95924.78181088726,76050.96869721332,83627.26844434575,77180.02365850001
2022-10-21,96244.64498023762,77026.60287746057,85689.69350032999,79047.4736585
2022-10-24,98041.86918473759,77240.23899946058,86160.52015132998,80011.0336585
2022-10-25,99549.7679342968,79308.55666613783,86729.80334083,81281.7836585
2022-10-26,99487.9571882968,79759.40307862384,88112.84320395357,80671.8236585
2022-10-27,99158.9871882968,78626.35887062384,87721.82768995357,80243.08365849999
2022-10-28,102013.68710006916,81112.49887062384,87406.79042395356,82145.89365849999
2022-10-31,102132.16459606917,80830.29887062385,88297.25242395356,81553.61365849999
2022-11-01,101761.84459606916,81444.58887062385,88568.01550795356,81197.80365850001
2022-11-02,100972.20915656915,80461.48273062384,86439.41893167807,79169.02365850001
2022-11-03,98703.97166848672,79622.78214162384,88846.93246217807,78357.9536585
2022-11-04,99977.16366348672,80845.90154412383,91165.53859222875,79480.6336585
2022-11-07,100611.13775998671,81492.99570462384,91855.59361356223,80236.4536585
2022-11-08,101032.7062999867,82686.42467032588,92383.03176456224,80669.61365849999
2022-11-09,99672.7096459867,81667.77469337592,89475.79424156224,79012.11365849999
2022-11-10,102542.43234148671,87388.91066145402,93919.24898556223,83337.08365849999
2022-11-11,102760.66893429193,89257.08433986192,95360.58464181123,84141.52365850001
2022-11-14,102594.5119967919,87325.25859986192,94921.18101807208,83427.6936585
2022-11-15,103615.01156632131,88205.96750936192,96397.31103707208,84137.1036585
2022-11-16,103334.5658363213,87436.59149186192,92432.77345080674,83498.4136585
2022-11-17,103338.31588132131,86799.06058930396,92503.51546080675,83242.05365850001
2022-11-18,104413.62093532133,87713.26174930396,92257.56546080674,83619.9636585
2022-11-21,104348.22084611074,87892.82174930397,90995.14047453525,83317.1936585
2022-11-22,105998.11398061074,88636.14355230398,92316.05995653525,84433.2436585
2022-11-23,105631.18164611075,89178.48783580397,92443.95449203525,84963.64365849999
2022-11-25,105885.94088561075,89568.12426280396,92258.26590203526,84943.7536585
2022-11-28,104146.79735361075,87941.32540608427,91279.51541453523,83593.4436585
2022-11-29,104231.32984361073,87784.50148308428,91477.07515253524,83452.0036585
2022-11-30,105382.53245507275,89807.20396658429,93613.33282253523,86070.8536585
2022-12-01,104426.31920443164,90293.04396658427,94024.18690061773,86006.7636585
2022-12-02,105218.87447693164,90160.21396658427,94568.24530411772,85907.31365849999
2022-12-05,103865.86582943164,88824.5345765843,94135.14992261773,84369.1536585
2022-12-06,103012.52795150943,88206.58557658429,91742.85992261773,83155.86365849999
2022-12-07,103055.43383350944,88537.53557658428,91630.31857011771,83016.6336585
2022-12-08,103221.26760500945,89126.19012308428,92360.17392461772,83664.1636585
2022-12-09,101372.79256900943,88515.06245908428,91139.29834211772,83040.9436585
2022-12-12,102787.11352550946,89391.38370908429,91840.49277142636,84234.34365849999
2022-12-13,103201.23294400945,90493.52725808427,92515.60755792637,84868.61365849999
2022-12-14,103236.69998800942,89982.91944358428,92314.16494092636,84329.3736585
2022-12-15,102107.74792600943,88192.30585158429,90434.37400294715,82274.0736585
2022-12-16,101443.19688466945,87488.94408165879,90005.91443009693,81306.09365849999
2022-12-19,100661.03237366944,86980.48246616311,88899.85718509695,80618.7836585
2022-12-20,101186.96471466945,87303.92505516313,88784.11041353371,80729.2836585
2022-12-21,103205.72061766946,88247.5005281631,90239.79321853373,81931.52365850001
2022-12-22,101593.93303016944,87848.31667416311,89358.2938685337,80766.8536585
2022-12-23,101972.79312966946,88371.60834916313,89244.64985203369,81230.9536585
2022-12-27,101354.2010259864,88154.32822966312,88799.24000909692,80910.5036585
2022-12-28,100124.426548255,86977.06822966311,87927.07209059692,79909.3736585
2022-12-29,101039.41240925499,87858.29895766312,89035.34348859689,81341.4536585
2022-12-30,100925.13105225499,87528.50049966313,88296.0734885969,81129.2936585
2023-01-03,100993.86697225498,87358.18636466312,89060.59205092219,80788.9536585
2023-01-04,101612.62666425499,88734.51150466313,90616.38661192221,81409.9636585
2023-01-05,100871.92816625499,88347.08148566313,90179.4894859222,80483.9736585
2023-01-06,103459.16846975888,90047.69758316313,91985.36157592217,82322.6936585
2023-01-09,102872.9012272589,89346.23916316313,91437.39157592217,82276.2836585
2023-01-10,103643.74834995158,89820.59205716313,91952.34993292217,82850.8836585
2023-01-11,103888.7623869516,89495.71953816313,91417.99125342218,83894.0036585
2023-01-12,103712.7964994516,89680.87087316313,91861.44296142217,84198.9836585
2023-01-13,104068.10100195158,90141.11087316312,92367.59962142218,84523.8536585
2023-01-17,104320.1070029516,89560.33560816312,92021.38368142217,84369.1536585
2023-01-18,102716.3618794516,88635.12806566313,90566.9209245765,83043.1536585
2023-01-19,102185.70795995161,87480.54781866311,89446.73732055159,82439.8236585
2023-01-20,102111.8738449516,87724.96771066313,91106.80096055158,83971.3536585
2023-01-23,101939.0254409516,88058.28017166312,92333.97454655159,84974.6936585
2023-01-24,102508.21043478377,87187.03910913748,91713.8089585516,84884.08365849999
2023-01-25,102510.64568161358,87605.45101213746,92830.28579360012,84915.02365850001
2023-01-26,102441.42992461358,89471.71101213749,93770.67367860011,85845.4336585
2023-01-27,101922.94180461357,88875.76080363747,94677.41661360011,86042.1236585
2023-01-30,102529.52569461356,88170.00183663749,92367.75912960009,84965.8536585
2023-01-31,103306.22569461357,89402.81183663744,93031.4338316001,86210.08365849999
2023-02-01,103296.22455161356,89272.88071713748,96193.1132441887,87122.81365849999
2023-02-02,102371.99067711357,87992.49948163747,98894.54108761242,88386.9336585
2023-02-03,101976.00984511357,87615.16373163745,96920.30054961241,87449.89365849999
2023-02-06,102589.10726011355,87410.92705163747,97299.44437801241,86917.2836585
2023-02-07,102865.37535561358,88406.63107756054,99681.90334918509,88051.0136585
2023-02-08,102579.27765261356,87419.14018056053,98559.35978868509,87091.8736585
2023-02-09,102084.59695611356,85601.01289106053,98557.09157909044,86338.2636585
2023-02-10,103029.73937811356,86436.83289106053,96360.15355419797,86539.3736585
2023-02-13,103913.77647311354,86997.69044506054,97690.64178769798,87551.55365850001
2023-02-14,103545.08741411357,86906.59846106052,100079.83198769797,87511.77365850001
2023-02-15,103793.52741411356,87030.61846106054,100299.74684769794,87794.6536585
2023-02-16,103693.60591011358,86419.98261006053,97665.38684769796,86590.2036585
2023-02-17,102550.06961511356,85864.1285828581,96404.92966761545,86375.83365849999
2023-02-21,101002.77220377975,84428.6207158581,93423.70189411547,84649.8236585
2023-02-22,101018.67922877974,84484.7387373581,93123.64882342037,84532.6936585
2023-02-23,100862.42330527975,84977.82276235809,94791.11723754766,84981.3236585
2023-02-24,100249.18850527974,84380.0444668581,94118.23698004766,84075.2236585
2023-02-27,100275.74775027976,84945.7733848581,94788.44996454766,84362.52365850001
2023-02-28,100262.00664577977,85266.48338485809,95098.06561454767,84050.9136585
2023-03-01,100840.02268377974,85339.19224885809,94685.91510354765,83730.4636585
2023-03-02,101579.47950677975,86394.60998285809,95314.45002554766,84377.9936585
2023-03-03,103010.71659390334,87650.07087859017,97982.99048554765,85726.09365849999
2023-03-06,102888.38386390335,87430.59334559018,97207.86327778293,85785.7636585
2023-03-07,101500.02276240333,86459.02319509018,96226.80523228293,84475.2336585
2023-03-08,100711.20321776648,86246.94034309019,97042.89246428292,84612.2536585
2023-03-09,99070.72693626645,85529.45129846975,95591.78704893104,83058.6236585
2023-03-10,97766.21800826646,84693.62033796975,94653.36821893105,81863.0136585
2023-03-13,96749.83431998102,84032.84808514743,94573.73327743108,81748.09365849999
2023-03-14,96811.37296848102,84411.03506564742,96333.79901343105,83093.9836585
2023-03-15,95039.8782416205,84200.52797414742,95387.22595994448,82576.84365849999
2023-03-16,96652.71167062051,84699.68247538967,96636.23670844447,84019.9736585
2023-03-17,95728.5999396205,83302.02290138966,94932.75570259697,83040.9436585
2023-03-20,97203.67993962052,84517.39290138968,95206.67113759698,83836.5436585
2023-03-21,98678.0899396205,85816.20973988967,96275.49113759697,84932.7036585
2023-03-22,96369.96993962051,83958.36673538967,95361.50029876054,83489.5736585
2023-03-23,96143.0400346205,83569.78891338968,96556.36910076055,83714.9936585
2023-03-24,95923.95667062051,83659.43821136684,96670.76590476054,84263.0736585
2023-03-27,96280.4088386205,84438.20064236684,96072.13859326055,84419.9836585
2023-03-28,97064.4239681205,84770.91331536684,95630.92291426056,84229.9236585
2023-03-29,97668.3542706205,85531.61552936684,97421.18322376053,85449.84365849999
2023-03-30,98053.74271462052,85885.47295486684,98033.50258065877,85949.30365850001
2023-03-31,99335.28690562051,87249.81420486684,99540.12158915876,87155.9636585
2023-04-03,99737.94320312052,87118.83420486684,98888.04916690876,87487.4636585
2023-04-04,99275.65320312051,86092.99420486685,98853.26069010877,87003.4736585
2023-04-05,98175.7706023986,86213.34953436683,97261.65069010876,86775.84365849999
2023-04-06,98033.39162939861,86477.84942886684,97429.48219110878,87113.9736585
2023-04-10,98492.0754373986,87177.61575586683,97723.99963360876,87202.3736585
2023-04-11,98573.83155039861,87963.61687486684,96738.59325660879,87224.4736585
2023-04-12,98361.6915503986,87252.40680633685,96473.14832010877,86870.8736585
2023-04-13,98974.15656089861,87650.29312583685,97455.40033960875,88020.0736585
2023-04-14,98937.08827939862,87723.58754083683,97031.25732560876,87805.7036585
2023-04-17,99806.83393989861,88456.01754083682,96047.07095423523,88119.52365850001
2023-04-18,100226.87323389862,89093.34754083684,96168.28366173523,88176.9836585
2023-04-19,100042.18751889863,89332.65754083684,95806.87366173523,88163.7236585
2023-04-20,99464.56044631018,89188.37754083684,95182.42366173523,87684.1536585
2023-04-21,99202.80398331016,89125.16830583685,95122.2223830412,87750.4536585
2023-04-24,99863.73889181016,89495.21267033684,95518.1670805412,87843.27365850001
2023-04-25,98731.66855731019,88980.84923283684,94082.0570805412,86453.1836585
2023-04-26,98014.47180031016,88599.04021683685,92184.72803954121,86088.5336585
2023-04-27,99293.31180031017,89015.25602883684,92410.89953004119,87796.86365849999
2023-04-28,100131.17340307837,89586.43693983684,93691.06906654118,88541.6336585
2023-05-01,100461.35647257837,89598.00932083683,93540.78906654118,88453.2336585
2023-05-02,98398.69088972837,88523.09932083683,91963.29134043932,87463.1536585
2023-05-03,97891.76049983624,88090.4227659782,92141.3538254393,86864.2436585
2023-05-04,96897.74890933622,87835.3807009782,91279.71382543934,86252.0736585
2023-05-05,98690.71796683624,89713.89070097821,92014.83382543932,87843.27365850001
2023-05-08,98730.42604233623,89893.9907009782,92068.0521764393,87865.3736585
2023-05-09,98383.58802833623,89522.82084847821,91657.08385993933,87483.0436585
2023-05-10,98675.42695453063,90296.33037847822,91901.5838599393,87889.6836585
2023-05-11,98163.49117003061,89772.20680860031,91539.99556127765,87737.1936585
2023-05-12,97218.64117003062,89772.67888110032,91839.2344418274,87622.27365850001
2023-05-15,97697.65205753062,90822.99814410032,92225.16695982743,87922.83365849999
2023-05-16,96028.67572253064,89462.10837860033,92122.66695982742,87337.1836585
2023-05-17,98393.5165295306,90290.4283786003,92730.82808032741,88393.56365849999
2023-05-18,98988.54096753061,91624.33960260032,93964.8087203274,89242.2036585
2023-05-19,98548.63531103064,91437.25242510033,93564.4487203274,89114.02365850001
2023-05-22,98554.86876103061,91403.14242510032,93153.1687203274,89149.3836585
2023-05-23,97355.63364601249,90189.74242510032,91597.71647382742,88152.6736585
2023-05-24,96722.5035585125,88738.8393599044,91553.99909182741,87516.1936585
2023-05-25,97125.83238351249,90782.3429099044,92975.13351405048,88272.0136585
2023-05-26,97507.1185935125,91360.10271490441,93648.07613405047,89410.1636585
2023-05-30,97212.2585935125,90910.74393090441,93051.5049526746,89443.31365849999
2023-05-31,96883.6288910125,90154.5679254044,92403.6995572262,88950.4836585
2023-06-01,97881.47368332646,89926.849384793,93891.08069472619,89792.4936585
2023-06-02,99684.02255282647,92502.109834793,94967.5270777262,91085.34365849999
2023-06-05,99054.68764582647,91460.86448879297,94784.5765726894,90912.9636585
2023-06-06,99989.52902082648,92196.98536879299,96311.3530226894,91109.6536585
2023-06-07,100132.3377652404,93096.31536879299,95914.83120039655,90795.83365849999
2023-06-08,100273.32393924042,92849.39536879298,97357.93983789654,91341.7036585
2023-06-09,100579.0968932404,92364.110946793,98093.5509766142,91505.2436585
2023-06-12,100853.5928832404,92571.54263429297,99190.6562256142,92333.9936585
2023-06-13,100977.3176777404,93680.28775379297,100967.0474236142,92939.5336585
2023-06-14,101548.79767774041,94182.55054679299,100705.8161616142,93050.0336585
2023-06-15,102403.3707052404,95010.89931679299,102020.6075331142,94199.2336585
2023-06-16,102659.82612774041,95080.74614779298,101112.49753311422,93880.9936585
2023-06-20,103070.9908077404,94749.44582829297,101751.9578931142,93394.7936585
2023-06-21,103032.2777312404,94766.53300829299,100253.67163211422,92917.4336585
2023-06-22,103592.95339224042,94958.88440829297,100703.03999661418,93251.14365849999
2023-06-23,102229.89553024042,94467.86440829297,100157.3617201142,92548.36365849999
2023-06-26,102460.6376417404,94319.19420286924,97922.8769116142,92172.6636585
2023-06-27,103666.76648224039,94568.99411136922,101107.8769536142,93180.4236585
2023-06-28,103422.3104477404,93769.76878836921,102643.71263213313,93226.83365849999
2023-06-29,103518.8252392404,94469.29359986924,102827.92040713313,93593.6936585
2023-06-30,104526.71523924041,95614.18465036924,104658.59528113314,94694.27365850001
2023-07-03,104569.11774474042,95793.80303186923,105799.14287579722,94802.56365849999
2023-07-05,103853.1217222404,95424.35977536923,105298.02599124503,94661.1236585
2023-07-06,102743.2739897404,94567.55701936923,103689.44586824502,93922.9836585
2023-07-07,103135.5946557404,94583.82072336924,104360.08893674503,93686.5136585
2023-07-10,104976.7408567404,95757.12709836924,105807.51204674502,93922.9836585
2023-07-11,105393.8662007404,96485.59709836924,106454.17128324501,94519.6836585
2023-07-12,105938.42025224041,97222.43784686923,105590.66651424502,95277.7136585
2023-07-13,105971.74282224038,97667.97925024887,104798.59651424501,96031.3236585
2023-07-14,106461.8340582404,98138.52611224889,103028.34100534127,95971.6536585
2023-07-17,106650.4299122404,97768.45787624888,103905.72662334127,96303.1536585
2023-07-18,106388.09991224039,97748.33589124888,105127.44958884126,97016.9836585
2023-07-19,106005.24010274038,97680.7643422489,105277.35099884127,97231.3536585
2023-07-20,105740.85669424038,97171.3828162489,104751.51494884126,96588.2436585
2023-07-21,105518.51271424038,97495.20281624889,103577.10042034127,96588.2436585
2023-07-24,105384.66298224038,97503.73480974889,104211.97409584126,97019.1936585
2023-07-25,104895.30800398791,98177.50152824887,103795.33988584125,97282.1836585
2023-07-26,104843.94599498792,98165.54152824885,106414.50487884127,97297.6536585
2023-07-27,103033.14019798792,97351.90689466754,105347.32773184129,96654.5436585
2023-07-28,103322.43705798792,97849.37478616755,107588.76773184126,97598.2136585
2023-07-31,103683.59151298791,98206.87469266754,108136.77779258633,97781.64365849999
2023-08-01,103772.76280498794,97426.12051014544,106284.15165538633,97503.1836585
2023-08-02,102417.55280498794,95265.77519814545,105712.20498338633,96150.6636585
2023-08-03,102494.35930460994,95323.05038364544,106348.32739988633,95876.6236585
2023-08-04,102550.52099460992,93064.96929864545,106562.38229788633,95445.6736585
2023-08-07,103606.77631460992,94727.57756564545,107117.00329638633,96274.4236585
2023-08-08,103576.29138260992,94399.86210864545,107241.077929585,95858.9436585
2023-08-09,102324.26954560992,93039.74301264544,106550.24410269968,95220.2536585
2023-08-10,101779.59310560992,92944.70301264543,106414.11837869968,95253.4036585
2023-08-11,100941.4476991099,92174.45241374767,106862.8183786997,95198.1536585
2023-08-14,101660.9046851099,92681.32443624764,105618.06437869968,95721.9236585
2023-08-15,101026.90248810992,92107.70935674765,103449.88183619919,94610.2936585
2023-08-16,99723.87640160992,91080.02484763876,102557.88921996682,93918.56365849999
2023-08-17,98008.66370427594,89827.13593163875,102620.07414446681,93204.7336585
2023-08-18,98232.57958766728,89563.09699972984,102683.70505896679,93248.9336585
2023-08-21,98604.55202866728,90039.84808022983,102014.55745446682,93854.4736585
2023-08-22,98758.9120286673,89828.15765122982,101514.60793446681,93600.3236585
2023-08-23,100082.46039666729,90897.18765122982,101491.25644296681,94641.2336585
2023-08-24,99037.59565666728,90073.08765122983,100881.11353446679,93332.9136585
2023-08-25,99329.97738116728,90572.13765122982,101264.0308769668,93989.2836585
2023-08-28,100000.58328516727,91163.55619122981,101744.2208769668,94581.56365849999
2023-08-29,101379.57808516729,92492.8358177298,102149.3508769668,95945.1336585
2023-08-30,101653.48940116727,92900.9325937298,102852.93378496681,96338.5136585
2023-08-31,101118.42895893927,93289.00080972981,102983.84818496679,96199.2836585
2023-09-01,100747.97823693928,92525.1657092298,104171.10348859627,96378.2936585
2023-09-05,99992.13401293929,91711.45775322983,103729.77997959628,95962.81365849999
2023-09-06,100012.35072543929,91756.26703072982,103729.65181759627,95319.7036585
2023-09-07,100631.44072543929,91707.06512672982,103421.2114356521,95027.9836585
2023-09-08,100463.15544543929,91605.86512672981,103439.6046326521,95169.4236585
2023-09-11,100265.85822193928,92218.72512672983,103901.5129861521,95794.8536585
2023-09-12,100218.8801739393,90538.87899072982,103478.3614101521,95271.08365849999
2023-09-13,100277.77193293929,90441.26222182771,103312.0014101521,95381.58365849999
2023-09-14,100821.8813724393,90839.52513982772,103563.76141015209,96201.4936585
2023-09-15,100004.15033243928,90347.48803982772,102242.69352617173,95045.6636585
2023-09-18,99206.64885243928,90082.61570682772,101400.20651617172,95100.9136585
2023-09-19,99763.0577924393,89974.49728482772,101252.59790217174,94904.2236585
2023-09-20,98915.7332604393,89662.63958782771,100174.8757011895,94035.6936585
2023-09-21,96631.1599944393,88445.29279682772,97911.40819544237,92486.4836585
2023-09-22,96745.92172724467,87930.44279682773,97379.29025303747,92278.7436585
2023-09-25,97086.55423511386,88086.87662648749,97785.54627553748,92665.4936585
2023-09-26,96376.79523417253,86928.06694917733,96284.42324453747,91308.55365850001
2023-09-27,96351.61996017254,86530.25252067731,96206.28324453748,91346.1236585
2023-09-28,97391.27884117253,86771.96571567733,97257.23324453748,91872.1036585
2023-09-29,97303.86452413166,86630.88797767732,95929.87324453748,91651.1036585
2023-10-02,96624.79188616318,85812.23759817732,95420.25387703747,91613.5336585
2023-10-03,95105.79908616316,84467.75497504932,94426.35952251306,90391.4036585
2023-10-04,96288.75908616315,85310.56136904932,95599.71871251304,91047.77365850001
2023-10-05,96276.25787066316,85377.3101455493,95917.89418301305,91014.6236585
2023-10-06,97419.93345316316,86566.89238154932,96332.82707801304,92090.89365849999
2023-10-09,96468.9684233331,86331.12238154931,97281.79377351305,92678.7536585
2023-10-10,97648.07260233311,87111.73655954932,97337.78350301305,93158.3236585
2023-10-11,97121.45009283311,87415.85716804932,97875.34647851305,93538.4436585
2023-10-12,96283.64574133311,87376.90658490246,97207.40647851306,92970.4736585
2023-10-13,95490.4073683128,87322.69036742362,97995.49647851306,92508.58365849999
2023-10-16,96242.67075431278,88037.02476292364,97928.05647851304,93478.77365850001
2023-10-17,96733.23811831279,88030.41136042365,98005.22207751306,93474.3536585
2023-10-18,95342.93899781279,87557.30955792365,97358.83101951305,92234.5436585
2023-10-19,96012.20899781279,86094.57005042363,96079.38267323318,91425.6836585
2023-10-20,95065.91664681278,84828.15252168331,94834.37096335969,90307.4236585
2023-10-23,95596.64652881278,84739.3881861833,94240.15767285971,90150.5136585
2023-10-24,96681.59560474617,86739.56818618331,94912.34628285968,90828.9836585
2023-10-25,94955.43005274616,85196.66396618329,93786.85893840312,89529.5036585
2023-10-26,93841.8629283212,83983.02586489517,93004.94442640312,88459.86365849999
2023-10-27,93787.96322232703,83069.14750539516,92013.13442640312,88062.06365849999
2023-10-30,94811.33236782701,83926.27873189517,92460.21442640311,89109.6036585
2023-10-31,95577.57236782704,84563.21287189517,93321.73442640313,89668.7336585
2023-11-01,97490.93998232702,85337.52791189517,93184.43842840313,90621.2436585
2023-11-02,100077.73221360834,88039.98081927552,94829.10493240312,92351.6736585
2023-11-03,100557.94845917472,89258.02926147962,95954.06785290311,93191.4736585
2023-11-06,99930.49032517475,89137.23350306565,95653.09211390311,93403.6336585
2023-11-07,99335.19671939976,88905.77341556564,95247.56631327311,93668.83365849999
2023-11-08,98972.67882789976,88149.61255817406,95049.88616327311,93737.34365849999
2023-11-09,99055.41524039977,87002.33393844058,93876.65074277311,93010.2536585
2023-11-10,99863.53929239977,87949.0841924406,94860.21765577311,94455.59365849999
2023-11-13,100179.73914389979,87859.7761429406,95517.48903767287,94367.1936585
2023-11-14,101312.66914389975,90001.33573344059,98403.05541412694,96190.4436585
2023-11-15,101422.31914389977,90795.6678234406,99436.64100612693,96393.7636585
2023-11-16,100457.37316377752,90227.8238704406,100255.50535062692,96510.89365849999
2023-11-17,101059.63111827751,91135.71177294059,100683.56523008202,96630.2336585
2023-11-20,101126.3252277775,91563.7753069406,101402.34109344348,97372.7936585
2023-11-21,101041.74720477752,91203.6983274406,100743.05435494348,97160.6336585
2023-11-22,101486.95951077752,91722.79171294058,101490.61392694348,97534.1236585
2023-11-24,101759.03564327753,92106.4275509406,101626.10413144348,97593.7936585
2023-11-27,102011.1875652775,91511.76653794058,102088.02902444349,97419.2036585
2023-11-28,101929.3256907775,91541.5064799406,101808.89964144348,97516.4436585
2023-11-29,101889.8229167775,91521.44547594058,103300.32396179556,97447.9336585
2023-11-30,102874.4829167775,92127.9867614406,103631.26780179556,97830.2636585
2023-12-01,103582.2629167775,93218.16053144059,105574.48780179555,98407.0736585
2023-12-04,102874.58503677751,92430.0357539406,106439.06041970762,97892.14365849999
2023-12-05,102210.05249777752,91036.99252672223,105763.8061552076,97872.2536585
2023-12-06,101257.81600427753,90571.05294572224,106428.52843120761,97478.8736585
2023-12-07,101251.52690521299,90874.5133001825,107823.92861720761,98221.4336585
2023-12-08,101757.09158121297,91192.1206941825,107689.2229572076,98641.33365849999
2023-12-11,102444.09617521298,91728.9660321825,107419.8813912076,99023.6636585
2023-12-12,102627.32955671298,91570.95481868251,107863.39207571617,99474.5036585
2023-12-13,103152.56446421296,93215.9535361825,109584.02092971615,100842.4936585
2023-12-14,102962.22385271295,93564.27505618251,111784.13582406266,101165.1536585
2023-12-15,102762.92385271298,93297.68476718251,109962.07567556264,100999.4036585
2023-12-18,103621.00385271297,93565.92476718249,110410.44567556263,101565.1636585
2023-12-19,104355.44901471295,94496.8847671825,113715.06583456264,102179.5436585
2023-12-20,103530.74105571298,93839.94790492186,111324.77848806401,100769.56365849999
2023-12-21,104532.95565271296,94569.32964992186,113726.99298606403,101722.0736585
2023-12-22,104841.31483971296,94927.32548392187,113432.97068806402,101925.39365849999
2023-12-26,105455.44119621294,95207.46157092188,113118.78667556404,102354.1336585
2023-12-27,105880.75712121294,95435.00867642186,113288.43898906402,102539.77365850001
2023-12-28,105767.24654221296,95699.67756842184,113447.978657064,102577.34365849999
2023-12-29,105126.82448971296,95716.57620842186,111956.17942806403,102281.2036585
2024-01-02,104040.08254271295,96072.05411192185,110945.05699126623,101711.02365850001
2024-01-03,103229.20141898126,95993.23194692185,107462.2379039945,100882.27365850001
2024-01-04,103212.22536998126,95991.58194692184,106763.7327789945,100559.61365849999
2024-01-05,103482.30751298126,95721.61194692184,107386.53596749449,100696.6336585
2024-01-08,105447.51542298126,96041.79714892186,108610.74213649449,102128.7136585
2024-01-09,107042.04531789005,95826.36581342186,108723.42874899448,101974.0136585
2024-01-10,107808.44844839005,95767.39524142185,109103.0576489945,102548.61365849999
2024-01-11,107731.76733039005,95017.03790542186,108355.49109599448,102504.4136585
2024-01-12,106893.67941939006,94912.20806892184,106927.08609599451,102575.1336585
2024-01-16,105869.91195611871,93733.73654492185,105484.3009911206,102199.4336585
2024-01-17,104881.35415361871,92448.50768748693,104813.94753508392,101633.6736585
2024-01-18,105039.15957761872,92544.3692439869,104877.99206958394,102535.3536585
2024-01-19,105911.10957761871,93748.0372889869,106122.62864158394,103808.31365849999
2024-01-22,107296.58957761871,94285.64728898692,106355.51021308394,104027.1036585
2024-01-23,106874.75697461871,94043.20728898692,106316.24559108393,104329.8736585
2024-01-24,106005.14550061869,93821.56331098691,106574.78166908394,104442.58365849999
2024-01-25,107827.51373011872,95053.86708048692,107466.21009908392,105010.55365850001
2024-01-26,108088.85430061871,94148.46572898692,107165.40420408393,104877.9536585
2024-01-29,108533.41098111871,94772.62745494,107763.02916408393,105704.4936585
2024-01-30,108647.91514211873,94437.92242193999,107522.77780580393,105622.7236585
2024-01-31,110016.8966746187,93369.16140093998,106733.36368380394,103905.55365850001
2024-02-01,112492.19205011871,94392.22133894,107847.96691380392,105260.2836585
2024-02-02,112857.56347211871,95033.34591994,108797.77639530392,106365.2836585
2024-02-05,112564.1134721187,94787.22711593998,108566.92126491538,105978.5336585
2024-02-06,113002.3034721187,94680.26711593999,107631.55766741539,106285.7236585
2024-02-07,113480.4615481187,94850.80711593997,108526.42510291537,107169.7236585
2024-02-08,113052.4071926187,95220.49430343998,108646.78203391537,107218.34365849999
2024-02-09,113252.42213561872,93687.99158293998,109566.03930491536,107834.9336585
2024-02-12,113484.0961481187,93284.85400843999,108721.61723241537,107788.52365850001
2024-02-13,112162.84773511869,92332.94021593999,108006.72939941536,106307.8236585
2024-02-14,113312.0388776187,93725.41044344884,111457.17359711064,107271.3836585
2024-02-15,114911.0181661187,94922.07614944884,111847.58252711062,108009.52365850001
2024-02-16,114877.3105086187,94331.07861094883,110999.52660761063,107472.4936585
2024-02-20,115062.8437651187,93655.97420044885,109913.17597661064,106882.4236585
2024-02-21,112854.5541651187,93691.34420044883,106761.85381161065,106979.6636585
2024-02-22,114203.92557811867,95395.07420044884,108291.06013711065,109187.4536585
2024-02-23,113856.5168851187,95801.20399044882,108454.92592911063,109262.59365849999
2024-02-26,113592.8633141187,95725.46396694882,108239.18549311065,108862.58365849999
2024-02-27,114935.0253000824,96955.66499221305,108428.49965511065,109063.6936585
2024-02-28,114500.88506708242,96829.61314621304,108051.01340511063,108920.0436585
2024-02-29,115288.08337658239,97273.08112121306,107921.77343511063,109311.2136585
2024-03-01,117479.72510208239,98159.54351421306,109316.43488511063,110334.4436585
2024-03-04,119085.65781696564,99065.57161621306,109745.84343711064,110217.31365849999
2024-03-05,118226.24358099395,98724.69239810345,109727.31779711063,109118.9436585
2024-03-06,118769.02116699395,99029.87179810343,110546.05908049412,109669.2336585
2024-03-07,120189.02116699396,99909.30179810342,111055.4739114941,110754.34365849999
2024-03-08,119936.57116699395,99109.70179810343,109311.0943954941,110091.34365849999
2024-03-11,120886.49267599394,99810.00772460343,107948.6043954941,109998.52365850001
2024-03-12,121532.52633549395,99877.10013160345,108210.9024008949,111176.4536585
2024-03-13,121765.19699549397,100160.36862810343,107412.92195327987,111004.0736585
2024-03-14,120471.47080199393,99332.41955810344,106524.09428127986,110785.2836585
2024-03-15,120671.89369099394,98464.43289010345,106387.61315329745,110027.2536585
2024-03-18,121413.73511799393,99013.18286210344,107134.98261729746,110679.2036585
2024-03-19,122462.58185999395,99679.66186560343,107657.79125479746,111291.3736585
2024-03-20,124683.25990737606,100480.64186560345,108818.20125479746,112319.02365850001
2024-03-21,125698.83744087604,101555.70186560342,109594.88499579745,112688.09365849999
2024-03-22,125436.59244087605,101324.37838560344,109453.84758679746,112475.9336585
2024-03-25,125434.71244087604,101094.87680260345,110614.50402034572,112164.3236585
2024-03-26,124197.42244087605,100776.01811210344,109557.98714784574,111958.7936585
2024-03-27,126793.38353087605,102512.66756010345,110489.98187234571,112895.83365849999
2024-03-28,127083.0016674939,102867.2789517454,110691.93717334571,112875.9436585
2024-04-01,126655.76533749388,102384.1706022454,111770.61240456911,112679.2536585
2024-04-02,125484.55690049387,100666.7575238454,110887.79336756909,111965.4236585
2024-04-03,125314.70409449389,100923.25904334539,112694.257675435,112086.9736585
2024-04-04,125799.69784699389,100704.89904334542,110334.94034766922,110723.4036585
2024-04-05,126113.5424854939,100991.96995135567,111349.44858016922,111877.02365850001
2024-04-08,127175.92536349391,102393.84229079794,111085.41219800932,111938.9036585
2024-04-09,129340.70373835988,104601.12320355914,111156.40295950933,112069.2936585
2024-04-10,127586.5952658599,102316.46483155913,110796.54677000933,110948.8236585
2024-04-11,127906.78526585989,102151.76146855913,111381.15395800934,111784.2036585
2024-04-12,124924.3047528599,100889.54758905913,109282.84395800933,110246.0436585
2024-04-15,123240.02840434565,99665.50303887588,108485.31422300935,108869.2136585
2024-04-16,121781.47835984566,99059.45738787588,108200.65431200933,108670.31365849999
2024-04-17,121124.42800377822,99101.05014353635,107442.33288200933,108029.4136585
2024-04-18,121123.42952927822,98903.36356353636,105656.046802656,107808.4136585
2024-04-19,121787.1829392782,99593.98356353634,104850.02992351927,106869.1636585
2024-04-22,123429.3255012782,99492.99534453635,105686.13618101926,107850.4036585
2024-04-23,126102.72769227819,99990.92985253636,107826.19549301927,109127.7836585
2024-04-24,127156.51769227818,100993.77246453635,106883.43053701927,109074.7436585
2024-04-25,126810.28769227822,100480.99344303635,107854.6924319702,108661.4736585
2024-04-26,127116.3576922782,100426.62986653636,108410.03415847018,109689.1236585
2024-04-29,128002.25032307548,101935.75380593946,108188.1241584702,110075.8736585
2024-04-30,125596.33895307546,100902.55645693946,106970.66611154363,108336.6036585
2024-05-01,125830.57647207545,100073.4204597998,105820.07180754363,107987.4236585
2024-05-02,126938.16916307545,101189.5464962998,106870.40365404364,108992.9736585
2024-05-03,127520.55311407545,101714.27038179981,107647.18151554363,110341.0736585
2024-05-06,128253.49851207249,102655.0651267998,108434.3914085436,111477.0136585
2024-05-07,128237.3818500725,102793.56229635859,107994.2686085436,111598.56365849999
2024-05-08,128203.8818500725,103824.8600433586,108017.91331954362,111609.61365849999
2024-05-09,128331.77185007249,105155.23631717968,109071.99890154363,112250.5136585
2024-05-10,129750.02185007249,104750.87428817968,108555.3861120436,112396.3736585
2024-05-13,129201.7818500725,104052.23428817966,108426.66447304364,112409.6336585
2024-05-14,129733.2976820725,104753.99133017966,110125.15447304364,112924.56365849999
2024-05-15,130424.17889107249,106668.19837070507,111272.81762854362,114319.07365850001
2024-05-16,130320.40043157249,105222.44500170505,110483.04948604362,114084.81365849999
2024-05-17,130662.12888457249,105306.41985620509,110826.30254404363,114248.3536585
2024-05-20,130041.29418657249,105312.89827620507,111735.19748704362,114378.7436585
2024-05-21,129101.54037918733,106481.29624420505,112082.00862504363,114659.4136585
2024-05-22,128651.57105768734,105292.96621570508,112378.12245020003,114330.1236585
2024-05-23,126709.14605768732,105936.33347964853,110044.43574682201,113496.9536585
2024-05-24,128342.05605768732,106942.01925414853,113072.760224822,114246.14365849999
2024-05-28,126364.71105768732,106006.72951464851,112941.71020532203,114325.7036585
2024-05-29,125097.65003913759,104917.53437989476,111444.60008761623,113527.89365849999
2024-05-30,125049.65365263759,105145.79848716894,111721.48748435166,112776.4936585
2024-05-31,126163.7164596376,104788.65337495948,110173.76821485166,113799.7236585
2024-06-03,124884.25657800822,104327.63579145947,109126.99573624053,113892.54365849998
2024-06-04,123716.05077800821,104612.07182345947,107705.75656319741,114020.7236585
2024-06-05,124927.24077800823,106543.37182345944,110501.62028519742,115371.0336585
2024-06-06,125871.89059150821,106926.14182345947,110057.7391521974,115368.82365850001
2024-06-07,125734.2247790082,106561.54177545945,108386.42579219742,115229.5936585
2024-06-10,125678.91477900822,107154.31540845949,109847.13224477656,115585.40365850001
2024-06-11,125271.32477900821,107473.74154295947,110440.18638777656,115861.65365850001
2024-06-12,126590.71799749833,107891.73268845947,112096.78903288084,116811.9536585
2024-06-13,126028.2562424983,107660.04846295947,111955.02334188086,117046.21365849998
2024-06-14,125484.49443452392,107214.25181645948,110351.94711558417,117116.9336585
2024-06-17,126092.06238802391,107798.13059395947,109804.65214013372,118047.3436585
2024-06-18,125860.41143902391,106763.8104956501,111412.03932313371,118345.6936585
2024-06-20,127350.85666270867,107813.51932365008,109530.24413413371,118025.2436585
2024-06-21,128276.81988770864,108804.11932365011,107894.689549559,117866.1236585
2024-06-24,128644.87857520866,109322.9493236501,106355.257354559,117483.79365849998
2024-06-25,128255.05801420865,108559.16764797174,106889.824753059,117936.8436585
2024-06-26,128200.11801420865,108529.49427347173,106120.66920607898,118082.7036585
2024-06-27,127915.24801420867,109251.85773347174,106254.060992079,118268.3436585
2024-06-28,128280.10557420865,109233.92409547174,106999.15072857898,117804.2436585
2024-07-01,127113.42938420863,107802.83459547177,106185.71709757898,118045.13365850001
2024-07-02,127283.71968270864,107816.92477297175,106263.817097579,118838.5236585
2024-07-03,127301.75476720864,107533.70278247175,106912.61976257898,119366.71365849998
2024-07-05,127827.15988520863,107792.31791197175,106606.04358029854,120054.0236585
2024-07-08,128419.22172520863,108374.81604197173,107885.53341129856,120191.04365849998
2024-07-09,127873.12713820864,108069.92262820806,107328.70672129856,120308.1736585
2024-07-10,128013.46228820863,108693.49407220808,107186.15195729856,121494.9436585
2024-07-11,129586.39943970864,110721.02309720806,105712.07179729857,120451.82365850001
2024-07-12,129868.36943970864,111499.79961970808,106387.84848729856,121209.8536585
2024-07-15,129097.49943970864,110239.32740070806,106757.82022579857,121541.3536585
2024-07-16,131497.85113970865,111575.26010570806,106853.49324579856,122259.6036585
2024-07-17,131482.205163722,109672.47017770808,103753.23654653764,120551.2736585
2024-07-18,130194.39283772203,108006.02881676832,103420.98835803762,119625.2836585
2024-07-19,131056.63818022201,107415.25604526831,102154.11929803762,118834.1036585
2024-07-22,131091.187675222,107653.23847426832,103549.56035803762,120056.23365849999
2024-07-23,130593.153271222,107285.51867726834,103178.46671003762,119868.38365850001
2024-07-24,129066.63120622201,105946.1586772683,100524.21723763894,117158.9236585
2024-07-25,129258.93635722202,104763.62197816803,99873.15214685461,116551.1736585
2024-07-26,131546.09233560177,101640.11367811127,101618.27623735458,117852.8636585
2024-07-29,131540.56401010175,101502.04744511127,101574.1077683546,117921.3736585
2024-07-30,132180.33401010177,100972.47566661128,102262.4715808546,117324.6736585
2024-07-31,134128.37721010175,102864.10449661128,102285.36158085459,119227.48365849999
2024-08-01,133241.82885091906,100815.02931261128,100783.5702688546,117543.46365849998
2024-08-02,129314.14080201637,97735.34413922628,99243.50719935459,115359.98365849999
2024-08-05,127514.59303666871,95535.94101472627,96722.10238659233,112009.6236585
2024-08-06,127944.48769566871,96022.00457522627,96855.05012809233,113039.4836585
2024-08-07,127038.10769566872,95167.98457522628,95410.33182309235,112285.8736585
2024-08-08,128335.0823478556,96396.49457522627,96545.09921797113,114873.7836585
2024-08-09,128273.1995078556,96518.03457522627,96619.17327297114,115379.8736585
2024-08-12,127925.73015885561,96308.45689222626,95360.24229797113,115439.54365849998
2024-08-13,129845.99387043738,97238.58641222627,96961.31164797112,117333.5136585
2024-08-14,130089.92190243737,97238.95641222627,97014.92610997111,117702.58365849999
2024-08-15,131662.50190243736,97588.34641222627,97987.45610997113,119715.89365849999
2024-08-16,132472.64851243736,97750.53641222625,98301.70887697111,119983.30365850001
2024-08-19,133386.55859581768,98045.09455472627,98654.19100147112,121125.8736585
2024-08-20,133446.4883953177,97660.54252172628,98764.41974847112,120929.1836585
2024-08-21,134020.71972931767,97918.33529272627,99261.26301597113,121344.6636585
2024-08-22,134178.84972931765,97456.9452927263,98927.1051059711,120394.3636585
2024-08-23,134865.72940931766,97433.90425453389,99847.22155397112,121671.7436585
2024-08-26,135469.89944131768,97962.09387053386,100181.1067529711,121382.23365849999
2024-08-27,135943.33168181765,98507.9901965339,100614.62433797112,121547.98365849999
2024-08-28,136192.82934381766,98592.38559603388,100132.79391247111,120842.9936585
2024-08-29,137185.20399231766,98907.35559603389,100658.08059247112,120854.04365849998
2024-08-30,137710.75399231765,99446.18559603389,101170.86059247112,122005.4536585
2024-09-03,137238.98424831766,98676.38559603388,100202.58903239408,119501.5236585
2024-09-04,138008.95989681766,98120.69231753389,99413.02506096687,119256.21365849998
2024-09-05,136587.46873081767,97815.07722703386,98857.64590496688,118968.9136585
2024-09-06,134370.19452351815,96280.95290453386,96923.4188676201,116971.07365850001
2024-09-09,134923.65520501812,96959.75290453386,97671.2833366201,118277.1836585
2024-09-10,135751.53876501814,97068.52109126277,97969.23138262008,118789.90365850001
2024-09-11,138536.19837776816,98056.40288726277,98681.89298762009,120005.40365850001
2024-09-12,138904.78248676815,98891.96324476277,99300.61123762008,121015.3736585
2024-09-13,139728.48183876814,99021.94560076277,100317.9456520571,121645.2236585
2024-09-16,140572.06709226815,99644.79560076277,100775.01882805709,121824.23365849999
2024-09-17,140176.25209226814,100481.90753531779,101095.36882805711,121872.8536585
2024-09-18,140685.95709226813,100456.91321031777,101220.10655205711,121512.6236585
2024-09-19,141676.90810776816,101630.36127308995,101815.78422080711,123581.1836585
2024-09-20,141953.80268426816,103300.03245858994,101716.8589423071,123369.0236585
2024-09-23,143428.14634826814,104803.89982528263,101911.22461494111,123676.21365849998
2024-09-24,143421.98134826816,104816.21231978261,101899.74872083729,124027.6036585
2024-09-25,142903.5631892681,105034.19231978263,103001.6724058373,123755.7736585
2024-09-26,144197.15081926814,106459.99231978261,103623.99030406174,124244.1836585
2024-09-27,143954.07672226813,107394.44653078262,102978.41358938409,124065.1736585
2024-09-30,144065.67189976815,106525.49441878262,102485.37205849198,124560.21365849998
2024-10-01,142783.44477976815,106267.88649460462,102794.16026928659,123448.58365849999
2024-10-02,143237.01477976816,105559.5486357701,102230.73352043495,123499.4136585
2024-10-03,143150.30477976814,105802.5084102701,103489.99865643494,123273.9936585
2024-10-04,144203.34713676813,107106.16560777009,105819.83945343495,124392.25365849999
2024-10-07,144048.50865669927,107344.19387470883,106564.76762219769,123269.57365850001
2024-10-08,144592.61999719925,107194.51815270883,106319.5062081977,124434.2436585
2024-10-09,145064.08999719925,108421.06815270883,105982.6839717813,125293.9336585
2024-10-10,144191.79685461576,108074.03815270882,106332.09125728131,125075.14365849999
2024-10-11,144109.45550961577,109041.0581527088,106473.6273667813,125822.1236585
2024-10-14,145080.79948311578,110012.21455270884,106634.00022578129,126847.56365849999
2024-10-15,143684.32430061576,108875.98177770885,104424.29685054063,125864.1136585
2024-10-16,143831.9761706158,109141.17375270884,106882.40720854062,126409.98365849999
2024-10-17,144584.39617061577,109296.43967020883,105212.48460854063,126421.0336585
2024-10-18,145269.30617061578,110710.88934470882,105648.94243854062,126907.23365849999
2024-10-21,144876.11423911576,110577.03873570883,105016.15485104063,126699.4936585
2024-10-22,143685.27514411576,110167.44073220884,104452.38753754062,126630.98365849999
2024-10-23,142293.2730436013,109668.18273320886,103327.40838454061,125477.3636585
2024-10-24,142832.2718036513,109860.28273320885,104574.71826093733,125746.98365849999
2024-10-25,141864.47600065125,109764.91273320882,104306.94636793733,125704.9936585
2024-10-28,143450.1502891513,110552.30273320884,105147.21419493732,126091.7436585
2024-10-29,143536.76579715128,110502.75412220885,106045.55279243733,126295.06365849999
2024-10-30,142050.3586746513,109890.67504270883,105757.71780171813,125914.9436585
2024-10-31,141347.43133038856,107956.93426503666,104216.76573022662,123453.00365849999
2024-11-01,141173.95308038854,106853.91818353666,104459.54079022662,123972.3536585
2024-11-04,141400.41908038856,106273.14010003666,103786.63079022661,123704.9436585
2024-11-05,142942.31049638853,107935.81808003665,106374.78644422661,125198.90365850001
2024-11-06,142950.21884938856,111917.91583116728,113446.25591070218,128303.9536585
2024-11-07,145113.55953212763,112265.33567316728,111651.15962970219,129291.82365850001
2024-11-08,144399.82425862763,114683.87630665526,112973.37125420218,129850.9536585
2024-11-11,144338.07628666813,115196.95397915834,114508.79316715918,129974.71365849998
2024-11-12,142420.94984566813,114613.28947882615,113606.12499265917,129572.4936585
2024-11-13,141956.90820905165,115110.78986656296,113990.1912688165,129634.3736585
2024-11-14,140610.36242905163,114086.24440156296,112796.55545394818,128803.4136585
2024-11-15,139359.26400364577,113573.60440156296,113046.01484694821,127156.96365849998
2024-11-18,140283.31773364576,114247.64440156295,112814.89415870127,127676.31365849999
2024-11-19,140683.998229174,114609.79440156298,113151.32115112187,128142.6236585
2024-11-20,140597.21900917403,114691.47751756296,113425.89146562187,128186.82365850001
2024-11-21,142664.51958384397,116382.84548006297,115220.35889462188,128871.9236585
2024-11-22,144044.49627384398,117362.61058306295,116574.78663362187,129271.9336585
2024-11-25,145901.33971134396,117721.72799656296,116855.39663362189,129709.5136585
2024-11-26,145596.78258634396,118532.45709806297,117625.59308377994,130383.56365849999
2024-11-27,146543.52643755707,117937.72943606297,117570.51237077996,129990.1836585
2024-11-29,146911.19776255707,118332.47256706296,118403.90614377995,130794.6236585
2024-12-02,145939.96729455708,117779.13570856296,117587.61641972286,131028.88365850001
2024-12-03,145664.57877155708,117036.29570856296,117974.08181016483,131090.7636585
2024-12-04,144976.0646615571,117420.58570856297,118379.10055109137,131901.8336585
2024-12-05,143302.1369470571,117762.35570856297,118704.27316609137,131685.25365849998
2024-12-06,142577.09089055707,117246.08015906296,120767.51956738468,131934.9836585
2024-12-09,142892.77241055708,116202.62806306296,119510.73384638179,131256.5136585
2024-12-10,142164.08839805707,116040.23460939882,118784.45953657797,130849.8736585
2024-12-11,141654.91811055705,115539.00544528008,119454.6453911742,131857.6336585
2024-12-12,140659.95001405705,115060.57369328008,119819.39927210734,131181.3736585
2024-12-13,140442.75020598562,114631.20342878008,120458.71164985733,131154.8536585
2024-12-16,139898.97081798562,114045.10084466636,118584.78504985734,131713.9836585
2024-12-17,138633.13111888542,113684.87109066636,118185.80448024778,131172.5336585
2024-12-18,134781.48261932094,109751.43026954833,113335.32113103673,127271.88365850001
2024-12-19,133406.00571332092,110417.38361409065,112871.7381733946,127234.31365849999
2024-12-20,135738.49950982092,111913.40270409064,115419.18140320119,128757.00365849999
2024-12-23,136201.10116982093,112010.63859909063,116443.05386438304,129526.08365849999
2024-12-24,137008.60459232092,112887.21153609063,118969.33799766404,130962.58365849999
2024-12-26,136919.5481223209,112623.97285509064,119538.99234166404,130971.4236585
2024-12-27,136192.38233832092,111713.36820709065,117674.38234166405,129596.80365850001
2024-12-30,134651.22014832092,110477.27287909064,115644.87780566403,128120.5236585
2024-12-31,135063.73744882093,111279.58287909065,114174.9420814361,127656.4236585
