,"3 folds (2022-24, as shipped)","6 folds (2019-24, extended)",SPY over 2022-24,SPY over 2019-24
2019-01-02,,100000.0,,100000.0
2019-01-03,,99844.19591649996,,98322.527125
2019-01-04,,101181.49591649997,,101639.027125
2019-01-07,,100974.51591649998,,102404.027125
2019-01-08,,101967.94591649997,,103344.527125
2019-01-09,,101590.60591649999,,103866.527125
2019-01-10,,102712.37591649998,,104294.027125
2019-01-11,,102470.60591649999,,104222.027125
2019-01-14,,101424.11909014684,,103637.027125
2019-01-15,,102668.88904614685,,104793.527125
2019-01-16,,102701.80904614685,,105090.527125
2019-01-17,,102661.91283814688,,105909.527125
2019-01-18,,102787.04924164689,,107286.527125
2019-01-22,,102634.82924164686,,105887.027125
2019-01-23,,103156.61924164687,,106053.527125
2019-01-24,,102811.36924164688,,106152.527125
2019-01-25,,102394.21924164688,,107030.027125
2019-01-28,,101739.90924164688,,106224.527125
2019-01-29,,101844.18924164688,,106121.027125
2019-01-30,,102144.91272309488,,107696.027125
2019-01-31,,103498.86487809489,,108650.027125
2019-02-01,,103719.20487809488,,108762.527125
2019-02-04,,103795.81417609486,,109536.527125
2019-02-05,,104086.04900409491,,110000.027125
2019-02-06,,103895.87900409487,,109869.527125
2019-02-07,,104750.17086352414,,108798.527125
2019-02-08,,104989.66680552412,,108947.027125
2019-02-11,,105134.20680552411,,109005.527125
2019-02-12,,105777.99680552413,,110364.527125
2019-02-13,,106044.72680552411,,110720.027125
2019-02-14,,106298.13017252412,,110522.027125
2019-02-15,,107094.35478852411,,111701.027125
2019-02-19,,107211.67478852412,,111899.027125
2019-02-20,,107001.1338140241,,112119.527125
2019-02-21,,107674.13148152408,,111732.527125
2019-02-22,,108386.76148152407,,112416.527125
2019-02-25,,108245.39008952408,,112587.527125
2019-02-26,,108185.9128985241,,112488.527125
2019-02-27,,108168.0137690241,,112425.527125
2019-02-28,,108574.8057415241,,112209.527125
2019-03-01,,109099.97574152407,,112920.527125
2019-03-04,,108854.69004152407,,112502.027125
2019-03-05,,109046.0647065241,,112376.027125
2019-03-06,,108419.95470652409,,111683.027125
2019-03-07,,108672.2485175241,,110792.027125
2019-03-08,,109224.32251202407,,110535.527125
2019-03-11,,109814.91306202409,,112142.027125
2019-03-12,,109798.3914400241,,112529.027125
2019-03-13,,109994.30979402407,,113289.527125
2019-03-14,,109948.3084565241,,113235.527125
2019-03-15,,110861.2064139514,,113793.527125
2019-03-18,,110649.6792699514,,114230.027125
2019-03-19,,110610.95550495139,,114266.027125
2019-03-20,,110146.23212477595,,113856.527125
2019-03-21,,111231.39229277594,,115103.027125
2019-03-22,,110673.07039027594,,112983.527125
2019-03-25,,111173.05757577595,,112844.027125
2019-03-26,,112306.69547277596,,113672.027125
2019-03-27,,111905.46706877596,,113069.027125
2019-03-28,,112096.47816877595,,113537.027125
2019-03-29,,112522.47643877594,,114239.027125
2019-04-01,,112925.15494277595,,115571.02712500001
2019-04-02,,113290.63746777594,,115670.027125
2019-04-03,,113480.26282527595,,115859.027125
2019-04-04,,113181.75090127595,,116151.52712499998
2019-04-05,,113805.11720327592,,116696.02712500001
2019-04-08,,113484.71157127594,,116808.52712500001
2019-04-09,,113328.69343627595,,116214.52712500001
2019-04-10,,113796.81301827593,,116601.52712499998
2019-04-11,,113892.98192077594,,116579.02712500001
2019-04-12,,114473.43519827594,,117344.027125
2019-04-15,,114468.99115627595,,117285.52712500001
2019-04-16,,113496.57613127594,,117362.02712499998
2019-04-17,,112686.15503188634,,117078.527125
2019-04-18,,113778.16736738634,,117290.027125
2019-04-22,,113722.35340027894,,117416.027125
2019-04-23,,114216.36461577895,,118460.02712499998
2019-04-24,,114229.91613627897,,118185.52712500001
2019-04-25,,113578.79166577896,,118154.02712500001
2019-04-26,,114565.4002788497,,118671.527125
2019-04-29,,114564.14932134973,,118820.027125
2019-04-30,,115129.1068213497,,118856.02712499998
2019-05-01,,114327.27405051742,,118028.027125
2019-05-02,,114713.6580085174,,117749.027125
2019-05-03,,115537.41844451743,,118901.027125
2019-05-06,,114939.1280985174,,118437.52712500001
2019-05-07,,113225.36092501739,,116507.027125
2019-05-08,,113282.45011401741,,116376.52712499998
2019-05-09,,112974.63314001741,,115949.027125
2019-05-10,,113572.7365867174,,116498.02712500001
2019-05-13,,110443.28411396637,,113649.527125
2019-05-14,,111596.30053496637,,114617.027125
2019-05-15,,112218.51737480114,,115332.527125
2019-05-16,,113423.73795530113,,116354.02712500001
2019-05-17,,112606.05528904185,,115652.02712500001
2019-05-20,,111461.61922304185,,114851.027125
2019-05-21,,112375.43825454185,,115868.027125
2019-05-22,,112578.54298054187,,115521.527125
2019-05-23,,111087.63522754185,,114135.527125
2019-05-24,,111764.22502594462,,114441.527125
2019-05-28,,111785.40383976459,,113375.027125
2019-05-29,,111037.96431026456,,112547.027125
2019-05-30,,112139.01307576458,,112839.527125
2019-05-31,,110598.7420947646,,111377.027125
2019-06-03,,109546.73361164948,,111071.027125
2019-06-04,,112010.55366814949,,113447.027125
2019-06-05,,113301.30548364951,,114410.027125
2019-06-06,,114426.94036422568,,115184.027125
2019-06-07,,115605.4479952257,,116313.527125
2019-06-10,,115951.98420422568,,116862.52712500001
2019-06-11,,116091.02076272568,,116853.527125
2019-06-12,,116084.48903772565,,116606.02712499998
2019-06-13,,116641.57487522562,,117123.527125
2019-06-14,,116694.00468772565,,116984.027125
2019-06-17,,116235.55737722563,,117078.527125
2019-06-18,,117031.31127372569,,118230.527125
2019-06-19,,117330.68798772564,,118509.527125
2019-06-20,,118189.65209722565,,119670.52712499998
2019-06-21,,117908.00103122565,,119490.527125
2019-06-24,,117581.76582322564,,119351.027125
2019-06-25,,116702.15860922568,,118181.02712499998
2019-06-26,,116582.68709422566,,118068.52712499998
2019-06-27,,117068.65248672567,,118482.527125
2019-06-28,,117993.19144272567,,119121.527125
2019-07-01,,118682.13216572565,,120129.527125
2019-07-02,,119380.32035422568,,120480.527125
2019-07-03,,120544.67785022563,,121439.02712499998
2019-07-05,,120259.85195622563,,121223.02712500001
2019-07-08,,119852.50282722563,,120651.52712499998
2019-07-09,,120143.16376522568,,120800.02712500001
2019-07-10,,120809.86177972564,,121362.52712500001
2019-07-11,,120676.44625422564,,121650.527125
2019-07-12,,120795.39717422565,,122190.527125
2019-07-15,,121018.16072972563,,122267.027125
2019-07-16,,120925.55614272569,,121835.02712499998
2019-07-17,,120419.23263322565,,121025.02712500001
2019-07-18,,120787.14212972567,,121466.027125
2019-07-19,,120119.75606322568,,120813.527125
2019-07-22,,119927.59385322566,,121038.527125
2019-07-23,,120305.57322072564,,121916.027125
2019-07-24,,120899.75363272567,,122496.527125
2019-07-25,,121051.64353722567,,121916.027125
2019-07-26,,121817.06978122565,,122721.527125
2019-07-29,,121701.19282422565,,122532.527125
2019-07-30,,121570.83892022564,,122249.027125
2019-07-31,,120335.34991372566,,120872.027125
2019-08-01,,119310.41432912668,,119895.52712499998
2019-08-02,,118712.04747867188,,118928.027125
2019-08-05,,116145.9770140186,,115445.027125
2019-08-06,,117927.97805101861,,116939.02712499998
2019-08-07,,118538.27344340284,,117114.52712500001
2019-08-08,,120661.2355021112,,119324.027125
2019-08-09,,120271.23912661121,,118514.02712499998
2019-08-12,,118820.87426961116,,117024.52712499998
2019-08-13,,120253.41235211119,,118847.027125
2019-08-14,,117578.95405411118,,115436.027125
2019-08-15,,118525.07320411115,,115688.027125
2019-08-16,,120209.9309501112,,117380.027125
2019-08-19,,121264.29965961118,,118806.527125
2019-08-20,,120459.9823331112,,117870.52712499998
2019-08-21,,121219.12969911119,,118842.527125
2019-08-22,,120983.89142861123,,118811.027125
2019-08-23,,118473.90475461117,,115782.527125
2019-08-26,,119599.39073961116,,117029.02712500001
2019-08-27,,119759.37154961118,,116520.52712499998
2019-08-28,,120039.0871311112,,117393.52712499998
2019-08-29,,120783.63948261118,,118910.02712499998
2019-08-30,,120702.10951161118,,118860.52712500001
2019-09-03,,120441.24006161118,,118167.527125
2019-09-04,,121450.01769011121,,119477.02712500001
2019-09-05,,122110.2378556112,,121011.527125
2019-09-06,,122181.18077861119,,121133.02712499998
2019-09-09,,120703.59072377336,,121196.02712500001
2019-09-10,,119215.15528008743,,121151.027125
2019-09-11,,119757.91259508741,,122051.027125
2019-09-12,,120813.84247908743,,122478.527125
2019-09-13,,120444.1097345874,,122330.027125
2019-09-16,,120129.84657658741,,122010.52712500001
2019-09-17,,121136.77595908742,,122312.02712499998
2019-09-18,,121367.10924908744,,122375.02712500001
2019-09-19,,121471.67898508743,,122361.527125
2019-09-20,,120975.26496258742,,121704.527125
2019-09-23,,121120.20544658742,,121794.527125
2019-09-24,,120908.37738358742,,120822.52712499998
2019-09-25,,121497.1950580874,,121515.527125
2019-09-26,,121137.55761323261,,121263.527125
2019-09-27,,120241.8178797326,,120615.527125
2019-09-30,,121035.41594323261,,121178.027125
2019-10-01,,119698.14935023559,,119760.52712500001
2019-10-02,,117951.14213017412,,117654.527125
2019-10-03,,119105.46936517413,,118590.527125
2019-10-04,,120836.00365317414,,120161.027125
2019-10-07,,120216.78097317413,,119670.52712499998
2019-10-08,,118599.86471001439,,117861.527125
2019-10-09,,119615.71215001435,,118865.027125
2019-10-10,,120095.02128901437,,119751.52712499998
2019-10-11,,120441.22786551437,,120957.527125
2019-10-14,,120335.05431201437,,120867.527125
2019-10-15,,120763.22122701438,,122033.02712499998
2019-10-16,,120702.08609201438,,121862.02712499998
2019-10-17,,121105.65396651436,,122168.027125
2019-10-18,,121259.83376701437,,121709.027125
2019-10-21,,121610.04676401435,,122501.027125
2019-10-22,,120448.01619801435,,122078.027125
2019-10-23,,120937.38584701433,,122420.027125
2019-10-24,,120767.96355501434,,122658.52712500001
2019-10-25,,119865.36923984814,,123140.027125
2019-10-28,,120218.75787334809,,123851.027125
2019-10-29,,119844.60717584813,,123770.027125
2019-10-30,,120535.69489134809,,124206.527125
2019-10-31,,120231.1917408481,,123846.527125
2019-11-01,,120662.16011634812,,125007.527125
2019-11-04,,120144.9266518481,,125498.02712500001
2019-11-05,,119767.15904957545,,125363.027125
2019-11-06,,120283.88011757546,,125376.52712499998
2019-11-07,,119637.13579670193,,125840.027125
2019-11-08,,119912.44932670188,,126132.527125
2019-11-11,,119767.65481570194,,125903.027125
2019-11-12,,119774.52173470192,,126146.02712500001
2019-11-13,,120054.32211870191,,126222.52712499998
2019-11-14,,120510.42479120192,,126384.527125
2019-11-15,,121338.93310550209,,127307.027125
2019-11-18,,121592.46499050205,,127379.02712500001
2019-11-19,,120847.01148773512,,127352.02712500001
2019-11-20,,120720.83993274954,,126902.02712500001
2019-11-21,,120279.77325674956,,126695.027125
2019-11-22,,120105.85592074951,,126987.52712500001
2019-11-25,,121073.70121124953,,127928.027125
2019-11-26,,121096.44903174954,,128198.02712500001
2019-11-27,,121782.65801774958,,128783.02712499998
2019-11-29,,121253.14801774955,,128337.52712500001
2019-12-02,,120095.77898174955,,127248.527125
2019-12-03,,118922.21291424958,,126371.02712500001
2019-12-04,,119576.62346224955,,127181.02712499998
2019-12-05,,119555.91946624956,,127424.027125
2019-12-06,,120878.36587124955,,128540.027125
2019-12-09,,120632.81339374954,,128157.527125
2019-12-10,,120678.01520074955,,128031.527125
2019-12-11,,121114.92309374956,,128337.52712500001
2019-12-12,,121839.89292789856,,129458.02712499998
2019-12-13,,122289.18574189856,,129548.02712500001
2019-12-16,,122959.23275539857,,130443.52712499998
2019-12-17,,122931.08885789858,,130466.027125
2019-12-18,,122669.6653658986,,130470.52712499998
2019-12-19,,123248.2702448986,,131006.02712499998
2019-12-20,,123789.37902889858,,131645.027125
2019-12-23,,124010.82625289858,,131816.027125
2019-12-24,,124136.1141873986,,131802.527125
2019-12-26,,124631.40295389856,,132500.027125
2019-12-27,,124599.02862789857,,132464.027125
2019-12-30,,124085.2251378986,,131757.527125
2019-12-31,,124470.06071939859,,132054.527125
2020-01-02,,124977.96123539859,,133292.027125
2020-01-03,,124391.66707489859,,132293.027125
2020-01-06,,124977.32921639859,,132824.027125
2020-01-07,,124595.31657289855,,132419.027125
2020-01-08,,125262.01679889858,,133107.527125
2020-01-09,,125887.58322889855,,133998.527125
2020-01-10,,125554.63468289856,,133607.027125
2020-01-13,,126528.30891189857,,134543.027125
2020-01-14,,126686.99876089857,,134336.027125
2020-01-15,,126856.77240839857,,134642.027125
2020-01-16,,127943.22888139852,,135749.027125
2020-01-17,,128424.64495189855,,136221.527125
2020-01-21,,128263.5091782039,,135924.527125
2020-01-22,,128373.66632620391,,135951.527125
2020-01-23,,128463.52014870389,,136136.027125
2020-01-24,,127436.9347577039,,134885.027125
2020-01-27,,125649.4780897039,,132734.027125
2020-01-28,,127127.35364120391,,134115.527125
2020-01-29,,126871.95617170392,,134007.527125
2020-01-30,,126798.84731520392,,134421.527125
2020-01-31,,125373.6463057039,,132014.027125
2020-02-03,,126517.57555435391,,132986.027125
2020-02-04,,128431.24607035388,,135011.027125
2020-02-05,,130527.46780590479,,136559.027125
2020-02-06,,130818.4313034048,,137009.027125
2020-02-07,,129806.21613190479,,136316.027125
2020-02-10,,130439.60582690481,,137342.027125
2020-02-11,,130703.19161465479,,137558.027125
2020-02-12,,131699.8349004048,,138449.027125
2020-02-13,,131896.3628709048,,138336.527125
2020-02-14,,132356.93206490477,,138512.027125
2020-02-18,,131980.46271340476,,138156.527125
2020-02-19,,132836.08070240478,,138809.027125
2020-02-20,,132107.5630814048,,138264.527125
2020-02-21,,130603.5711933938,,136811.027125
2020-02-24,,126750.0346107275,,132288.527125
2020-02-25,,122974.26638306398,,128256.527125
2020-02-26,,122597.49145626399,,127851.52712499998
2020-02-27,,118076.80077461548,,122145.52712499998
2020-02-28,,119030.3510486033,,121547.027125
2020-03-02,,122298.92106241154,,126740.027125
2020-03-03,,119428.61015200036,,123221.02712500001
2020-03-04,,123284.73618476071,,128445.52712499998
2020-03-05,,119066.44551087679,,124121.02712500001
2020-03-06,,116786.30362680677,,122037.52712500001
2020-03-09,,109691.9578294358,,113379.527125
2020-03-10,,111325.52792009531,,118338.527125
2020-03-11,,106643.97677166403,,112529.027125
2020-03-12,,99548.78494604345,,104730.527125
2020-03-13,,101962.15212584042,,110868.527125
2020-03-16,,93792.47596307976,,98916.527125
2020-03-17,,93651.46585613009,,104303.027125
2020-03-18,,89327.98668251176,,96711.527125
2020-03-19,,92061.78861340151,,98705.027125
2020-03-20,,88132.16530368748,,94686.527125
2020-03-23,,86959.20856268218,,91914.527125
2020-03-24,,93649.08068841537,,99884.027125
2020-03-25,,96376.33177862347,,101859.527125
2020-03-26,,100028.59243160421,,107696.027125
2020-03-27,,96610.18216171343,,104834.027125
2020-03-30,,97326.03839550959,,107957.027125
2020-03-31,,95191.77475348071,,106220.027125
2020-04-01,,90799.73005676124,,101553.527125
2020-04-02,,91562.318332811,,103983.527125
2020-04-03,,90749.0742530186,,102341.027125
2020-04-06,,97216.96711336084,,109266.527125
2020-04-07,,97980.37099706991,,109446.527125
2020-04-08,,100838.88838256992,,113087.027125
2020-04-09,,102916.5654714283,,114828.527125
2020-04-13,,101796.2302989283,,113762.027125
2020-04-14,,104432.19733528342,,117132.527125
2020-04-15,,102648.72467867397,,114635.027125
2020-04-16,,103696.69586035806,,115134.527125
2020-04-17,,105873.72049162858,,118262.02712499998
2020-04-20,,103109.15088062859,,116291.027125
2020-04-21,,100582.16321363197,,112745.027125
2020-04-22,,102745.39471263198,,115166.027125
2020-04-23,,101922.00558106048,,115152.527125
2020-04-24,,102563.8284015605,,116754.527125
2020-04-27,,103349.9254815133,,118491.52712500001
2020-04-28,,102032.64364151332,,117911.027125
2020-04-29,,104050.25091135073,,120989.02712499998
2020-04-30,,104037.82077500274,,119949.52712499998
2020-05-01,,102277.27309122686,,116732.027125
2020-05-04,,102958.12830922684,,117042.527125
2020-05-05,,103855.28830922686,,118100.02712500001
2020-05-06,,103290.958404808,,117353.027125
2020-05-07,,103768.29819471402,,118739.02712499998
2020-05-08,,104835.5622796689,,120723.527125
2020-05-11,,105598.16880716888,,120768.52712499998
2020-05-12,,104405.4191201689,,118266.52712500001
2020-05-13,,103799.41817644973,,116178.527125
2020-05-14,,104069.29739256621,,117641.027125
2020-05-15,,104352.4395970662,,118158.52712500001
2020-05-18,,105411.4574988153,,121727.02712500001
2020-05-19,,104159.5333903153,,120602.02712500001
2020-05-20,,105119.2733903153,,122591.027125
2020-05-21,,104282.94260997517,,121682.027125
2020-05-22,,104526.71490697516,,121947.52712499998
2020-05-26,,104422.27258283627,,123482.027125
2020-05-27,,105519.4949058363,,125277.527125
2020-05-28,,106421.92115183629,,125079.527125
2020-05-29,,107956.55229720417,,125664.52712500001
2020-06-01,,107862.45631820417,,126060.52712500001
2020-06-02,,107673.86082120416,,127149.52712499998
2020-06-03,,106758.60703770418,,128801.027125
2020-06-04,,105806.41726470416,,128490.527125
2020-06-05,,106213.2628171105,,131816.027125
2020-06-08,,106587.03485061048,,133364.027125
2020-06-09,,107413.90412536048,,132455.027125
2020-06-10,,108377.65862736428,,131667.527125
2020-06-11,,104475.73725124636,,124098.527125
2020-06-12,,104660.298227001,,125619.527125
2020-06-15,,105656.47422955651,,126749.027125
2020-06-16,,106681.23305405656,,129075.527125
2020-06-17,,107272.70145886394,,128625.527125
2020-06-18,,107600.85755286393,,128666.027125
2020-06-19,,107749.99362436395,,127896.527125
2020-06-22,,108290.46362436394,,128778.527125
2020-06-23,,108616.33231311393,,129332.027125
2020-06-24,,106694.48942961394,,126105.527125
2020-06-25,,107454.71990888109,,127365.527125
2020-06-26,,105593.70735387923,,124395.52712499998
2020-06-29,,107216.69491983746,,126249.52712499998
2020-06-30,,108784.74543483746,,128063.027125
2020-07-01,,109961.39923516696,,128738.027125
2020-07-02,,110181.85685166696,,129408.52712500001
2020-07-06,,111454.00049766696,,131406.527125
2020-07-07,,110460.32823166694,,130065.527125
2020-07-08,,110940.43823166695,,131055.527125
2020-07-09,,110516.0022216348,,130407.527125
2020-07-10,,112370.71525763482,,131667.527125
2020-07-13,,111495.50050163479,,130497.52712499998
2020-07-14,,113107.8483340175,,132203.027125
2020-07-15,,115171.82127301369,,133467.527125
2020-07-16,,115046.51344946369,,133004.027125
2020-07-17,,115245.8292184637,,133350.527125
2020-07-20,,116595.3194909637,,134417.027125
2020-07-21,,117466.05388547202,,134678.027125
2020-07-22,,118074.64499447799,,135474.527125
2020-07-23,,117345.89537926487,,133868.027125
2020-07-24,,116650.21025726487,,133022.027125
2020-07-27,,117022.15022626486,,134003.027125
2020-07-28,,116708.43466826488,,133184.027125
2020-07-29,,117872.56144726486,,134723.027125
2020-07-30,,117370.37725186034,,134295.527125
2020-07-31,,117435.14989970681,,135299.027125
2020-08-03,,117117.84459409345,,136239.527125
2020-08-04,,118429.96626743606,,136788.527125
2020-08-05,,119857.2455527697,,137630.027125
2020-08-06,,121250.71895652085,,138579.527125
2020-08-07,,120861.94381202085,,138683.027125
2020-08-10,,121057.34891390083,,139092.527125
2020-08-11,,119572.17689640085,,137958.527125
2020-08-12,,121159.00465640084,,139821.527125
2020-08-13,,121873.60336640084,,139614.527125
2020-08-14,,121562.51786590085,,139628.027125
2020-08-17,,122053.90076440082,,140073.527125
2020-08-18,,122427.94898940084,,140352.527125
2020-08-19,,122098.90499540084,,139745.027125
2020-08-20,,122654.07431090085,,140235.527125
2020-08-21,,122796.76398540083,,140708.027125
2020-08-24,,124255.362112882,,142134.527125
2020-08-25,,124754.66500538196,,142652.027125
2020-08-26,,126034.8404304535,,144087.527125
2020-08-27,,125373.74671682218,,144389.027125
2020-08-28,,126118.60363982218,,145316.027125
2020-08-31,,126230.04720328725,,145005.527125
2020-09-01,,127126.09412982193,,146189.027125
2020-09-02,,129538.10852782197,,148304.027125
2020-09-03,,125329.37014420536,,143228.027125
2020-09-04,,123355.98172052612,,141909.527125
2020-09-08,,121496.7000004961,,138147.527125
2020-09-09,,123986.74661499608,,140838.527125
2020-09-10,,122533.83139346901,,138503.027125
2020-09-11,,121848.47797412204,,138485.027125
2020-09-14,,123321.05881462207,,140289.527125
2020-09-15,,124557.87228362207,,140982.527125
2020-09-16,,122992.77568812207,,140469.527125
2020-09-17,,122109.56327262204,,139223.027125
2020-09-18,,120902.91775812204,,137657.027125
2020-09-21,,120897.50543076359,,136140.527125
2020-09-22,,121894.71969151354,,137463.527125
2020-09-23,,119219.69120551355,,134232.527125
2020-09-24,,119618.77619206301,,134601.527125
2020-09-25,,121698.64581856305,,136806.527125
2020-09-28,,123647.13607985797,,139106.027125
2020-09-29,,123424.55139935797,,138350.027125
2020-09-30,,124390.40086786223,,139137.527125
2020-10-01,,124991.16550724956,,140240.027125
2020-10-02,,124546.29740174959,,138953.027125
2020-10-05,,126856.41718808346,,141383.027125
2020-10-06,,125298.09558024482,,139398.527125
2020-10-07,,126841.0637472448,,141810.527125
2020-10-08,,128073.97913325945,,143016.527125
2020-10-09,,128564.25484325943,,144299.027125
2020-10-12,,130238.64799925944,,146639.027125
2020-10-13,,129680.90887625943,,145730.027125
2020-10-14,,128567.71621675944,,144798.527125
2020-10-15,,128487.20267825943,,144636.527125
2020-10-16,,128179.39767633629,,144542.027125
2020-10-19,,126257.9558483363,,142386.527125
2020-10-20,,127049.17276033628,,142872.527125
2020-10-21,,127233.0135558363,,142602.527125
2020-10-22,,127653.53838573386,,143430.527125
2020-10-23,,128412.05002323387,,143835.527125
2020-10-26,,125670.6538006364,,141252.527125
2020-10-27,,125095.58695670028,,140802.527125
2020-10-28,,121231.46248540915,,135965.027125
2020-10-29,,122876.89262591672,,137373.527125
2020-10-30,,121669.81900481478,,135960.527125
2020-11-02,,122126.57206531479,,137418.527125
2020-11-03,,124633.34866131478,,139799.027125
2020-11-04,,125837.15690881477,,143021.027125
2020-11-05,,128393.27532466751,,145739.027125
2020-11-06,,127984.01947616752,,145734.527125
2020-11-09,,132667.74176541463,,147579.527125
2020-11-10,,132653.17781179506,,147354.527125
2020-11-11,,134120.03244979508,,148457.027125
2020-11-12,,132651.6615977951,,147048.527125
2020-11-13,,133935.12228529507,,149028.527125
2020-11-16,,135120.99402429507,,150891.527125
2020-11-17,,134707.0726579507,,150162.527125
2020-11-18,,133477.54030595068,,148259.027125
2020-11-19,,133596.31502895066,,148970.027125
2020-11-20,,133077.19404595066,,147885.527125
2020-11-23,,133776.54111395066,,148790.027125
2020-11-24,,134918.47640395068,,151125.527125
2020-11-25,,135134.44246583976,,150855.527125
2020-11-27,,135425.63624583976,,151364.027125
2020-11-30,,135745.85068333976,,150738.527125
2020-12-01,,137178.32932783975,,152250.527125
2020-12-02,,136729.09775743115,,152655.527125
2020-12-03,,136482.91519493115,,152592.527125
2020-12-04,,136734.47591993117,,153888.527125
2020-12-07,,137049.06591993116,,153632.027125
2020-12-08,,137612.49435593118,,154059.527125
2020-12-09,,136775.01492593117,,152637.527125
2020-12-10,,136223.49924843118,,152678.027125
2020-12-11,,136294.90209243118,,152372.027125
2020-12-14,,135899.7843879312,,151859.027125
2020-12-15,,136485.53739943117,,153798.527125
2020-12-16,,136782.4123299312,,154005.527125
2020-12-17,,137749.94181893117,,154892.027125
2020-12-18,,137646.36142343117,,154280.027125
2020-12-21,,137126.7319084312,,153654.527125
2020-12-22,,136796.64190843116,,153506.027125
2020-12-23,,136548.7376489312,,153587.027125
2020-12-24,,137145.8602584312,,154230.527125
2020-12-28,,137633.71938743116,,155562.527125
2020-12-29,,137369.70873993117,,155315.027125
2020-12-30,,137410.77403693117,,155486.027125
2020-12-31,,138308.05258993118,,156413.027125
2021-01-04,,136407.58920465785,,154208.027125
2021-01-05,,136985.08870365785,,155220.527125
2021-01-06,,136993.82249165783,,156062.027125
2021-01-07,,138441.74025865784,,158451.527125
2021-01-08,,138881.95025865783,,159351.527125
2021-01-11,,138188.94490865784,,158271.527125
2021-01-12,,138399.21394165783,,158253.527125
2021-01-13,,138765.43264665786,,158690.027125
2021-01-14,,137949.19978765788,,158222.027125
2021-01-15,,137150.7846026578,,157007.027125
2021-01-19,,138350.6837733425,,158244.527125
2021-01-20,,140441.4358783425,,160400.027125
2021-01-21,,141357.8370688425,,160548.527125
2021-01-22,,141276.6071433425,,159990.527125
2021-01-25,,142070.49430729705,,160710.527125
2021-01-26,,141484.72077334058,,160382.027125
2021-01-27,,137987.3651717067,,156579.527125
2021-01-28,,139887.89695523493,,157776.527125
2021-01-29,,137324.65214510812,,154694.027125
2021-02-01,,139589.7198341081,,157151.027125
2021-02-02,,142228.82321110807,,159338.027125
2021-02-03,,143673.753595807,,159581.027125
2021-02-04,,145622.61607710048,,161367.527125
2021-02-05,,146415.3054503014,,162002.027125
2021-02-08,,147736.04238230138,,163208.027125
2021-02-09,,148176.91597130138,,163122.527125
2021-02-10,,147974.86900997747,,163064.027125
2021-02-11,,147794.20332797748,,163289.027125
2021-02-12,,148189.99509547744,,164135.027125
2021-02-16,,147621.85399747745,,163986.527125
2021-02-17,,147622.10236147745,,164018.027125
2021-02-18,,147178.66849647748,,163334.027125
2021-02-19,,147294.87280797746,,163014.527125
2021-02-22,,144408.5664898031,,161772.527125
2021-02-23,,144683.47020854222,,161957.027125
2021-02-24,,147644.20630299914,,163761.527125
2021-02-25,,142936.80141765048,,159806.027125
2021-02-26,,143913.6054370898,,158820.527125
2021-03-01,,147374.20140608985,,162753.527125
2021-03-02,,144576.99562358984,,161556.527125
2021-03-03,,141391.62161232837,,159401.027125
2021-03-04,,137874.07258441063,,157425.527125
2021-03-05,,137649.10765977536,,160301.027125
2021-03-08,,133874.1221442042,,159531.527125
2021-03-09,,138829.6373365868,,161795.027125
2021-03-10,,138732.3622883404,,162740.027125
2021-03-11,,143049.2907740874,,164436.527125
2021-03-12,,142253.8801035874,,164666.027125
2021-03-15,,144151.42963708742,,165701.027125
2021-03-16,,143492.41423358736,,165440.027125
2021-03-17,,144632.8287285874,,166007.027125
2021-03-18,,140432.84699308738,,163631.027125
2021-03-19,,141319.5820413033,,163347.527125
2021-03-22,,142356.53004530328,,164594.027125
2021-03-23,,140630.06406001165,,163370.027125
2021-03-24,,138844.7973705117,,162533.027125
2021-03-25,,138781.78876107023,,163410.527125
2021-03-26,,140673.89390707025,,166002.527125
2021-03-29,,139522.3706360702,,165939.527125
2021-03-30,,140634.66732957025,,165494.027125
2021-03-31,,142681.54784557023,,166178.027125
2021-04-01,,145174.54978929023,,167973.527125
2021-04-05,,147370.61065646008,,170385.527125
2021-04-06,,147784.97011162006,,170282.027125
2021-04-07,,147248.7179986201,,170480.027125
2021-04-08,,148198.6421030218,,171290.027125
2021-04-09,,148810.0866685218,,172536.527125
2021-04-12,,148076.47552227182,,172599.527125
2021-04-13,,147451.27965452152,,173108.027125
2021-04-14,,147563.11893052154,,172518.527125
2021-04-15,,147368.77108352154,,174372.527125
2021-04-16,,147287.16970910644,,174953.027125
2021-04-19,,145378.6923529335,,174093.527125
2021-04-20,,143079.4341610574,,172820.027125
2021-04-21,,146548.03881305736,,174453.527125
2021-04-22,,144967.76428955735,,172860.527125
2021-04-23,,147314.2681430574,,174737.027125
2021-04-26,,149051.11850905736,,175101.527125
2021-04-27,,149161.0932866761,,175061.027125
2021-04-28,,147884.7334445972,,175011.527125
2021-04-29,,149076.0824286412,,176127.527125
2021-04-30,,147737.65083314126,,174971.027125
2021-05-03,,147425.71528928066,,175349.027125
2021-05-04,,145850.81420353407,,174264.527125
2021-05-05,,145945.7936100341,,174318.527125
2021-05-06,,146426.44215149744,,175713.527125
2021-05-07,,147739.79388458517,,176991.527125
2021-05-10,,145546.2095360852,,175236.527125
2021-05-11,,144749.3972115852,,173675.027125
2021-05-12,,141643.86271808515,,169985.027125
2021-05-13,,142778.01801568206,,172028.027125
2021-05-14,,145660.8084596821,,174669.527125
2021-05-17,,145501.1965268447,,174206.027125
2021-05-18,,144430.09563934465,,172757.027125
2021-05-19,,143680.8459140124,,172235.027125
2021-05-20,,145102.6594900124,,174071.027125
2021-05-21,,145321.4311635124,,173999.027125
2021-05-24,,147111.8322820124,,175754.027125
2021-05-25,,146798.93495551238,,175403.027125
2021-05-26,,148355.5420045124,,175700.027125
2021-05-27,,150087.1086639295,,175758.527125
2021-05-28,,149493.5171134295,,176181.527125
2021-06-01,,150888.44746230115,,175965.527125
2021-06-02,,149991.0498998012,,176267.027125
2021-06-03,,149133.35590080117,,175610.027125
2021-06-04,,149850.47347630118,,177126.527125
2021-06-07,,149810.02029730118,,177050.027125
2021-06-08,,150420.45378230113,,177068.027125
2021-06-09,,149734.46453780116,,176802.527125
2021-06-10,,149802.12802730117,,177617.027125
2021-06-11,,150576.25739480119,,177909.527125
2021-06-14,,149754.92335330116,,178305.527125
2021-06-15,,149791.51920980116,,177981.527125
2021-06-16,,148833.76894997584,,176987.027125
2021-06-17,,146949.90676253205,,176928.527125
2021-06-18,,144923.50567166362,,174543.527125
2021-06-21,,147443.40318566363,,177041.027125
2021-06-22,,148441.52295566362,,177986.027125
2021-06-23,,149105.69233266357,,177770.027125
2021-06-24,,150456.48686238792,,178823.027125
2021-06-25,,150791.45662488797,,179457.527125
2021-06-28,,150262.90478388796,,179817.527125
2021-06-29,,149950.08430188792,,179916.527125
2021-06-30,,150738.24764565798,,180069.527125
2021-07-01,,151502.56795865792,,181064.027125
2021-07-02,,152029.39808965795,,182450.027125
2021-07-06,,149962.46549015792,,182117.027125
2021-07-07,,148989.54293716195,,182760.527125
2021-07-08,,148292.25329236194,,181271.027125
2021-07-09,,150862.00513386194,,183206.027125
2021-07-12,,151605.19089836197,,183863.027125
2021-07-13,,149839.310310362,,183233.027125
2021-07-14,,148791.19916755235,,183507.527125
2021-07-15,,148012.71950555235,,182882.027125
2021-07-16,,144868.91725610092,,181446.527125
2021-07-19,,142412.008391467,,178769.027125
2021-07-20,,145271.18141846705,,181329.527125
2021-07-21,,148708.69114696703,,182796.527125
2021-07-22,,147895.20029846707,,183179.027125
2021-07-23,,148096.946430467,,185064.527125
2021-07-26,,150406.07715346702,,185519.027125
2021-07-27,,148810.16659046704,,184673.027125
2021-07-28,,149644.13534246705,,184596.527125
2021-07-29,,150559.15363608408,,185361.527125
2021-07-30,,149577.1471275841,,184461.527125
2021-08-02,,149101.52759403083,,184074.527125
2021-08-03,,149886.3221089922,,185573.027125
2021-08-04,,148879.6122514922,,184659.527125
2021-08-05,,151025.5052504922,,185829.527125
2021-08-06,,151859.7711444922,,186135.527125
2021-08-09,,152038.25188238794,,185987.027125
2021-08-10,,152758.1718996286,,186216.527125
2021-08-11,,152755.88002575422,,186680.027125
2021-08-12,,152704.11020575417,,187238.027125
2021-08-13,,151829.7433842542,,187580.027125
2021-08-16,,150802.96191809824,,188021.027125
2021-08-17,,149821.35833429394,,186788.027125
2021-08-18,,148353.55288829523,,184745.027125
2021-08-19,,148664.12187838258,,185028.527125
2021-08-20,,150143.7696023826,,186500.027125
2021-08-23,,153025.6052183826,,188142.527125
2021-08-24,,154427.9843807504,,188439.527125
2021-08-25,,155178.98262901488,,188835.527125
2021-08-26,,154329.04805401486,,187719.527125
2021-08-27,,156051.58915339367,,189398.027125
2021-08-30,,156812.78935239365,,190230.527125
2021-08-31,,156680.45648839365,,189951.527125
2021-09-01,,156633.54186289367,,190050.527125
2021-09-02,,157643.85916339364,,190635.527125
2021-09-03,,157705.99935739365,,190590.527125
2021-09-07,,158083.38935739367,,189906.527125
2021-09-08,,156710.16357489367,,189677.027125
2021-09-09,,156494.0464388747,,188867.027125
2021-09-10,,154809.46850187468,,187377.527125
2021-09-13,,156688.05176757424,,187854.527125
2021-09-14,,154643.70429085533,,186842.027125
2021-09-15,,157813.64873677935,,188403.527125
2021-09-16,,156981.39000027935,,188106.527125
2021-09-17,,155685.51833603773,,186270.527125
2021-09-20,,153630.2470400377,,183165.527125
2021-09-21,,152607.30444329485,,182994.527125
2021-09-22,,154216.0236652948,,184781.027125
2021-09-23,,156587.50631229486,,187022.027125
2021-09-24,,155996.15871604483,,187332.527125
2021-09-27,,155263.51540404483,,186797.027125
2021-09-28,,152331.63373573485,,183030.527125
2021-09-29,,152519.4287407152,,183341.027125
2021-09-30,,151816.17753230466,,181100.027125
2021-10-01,,152514.28358280467,,183251.027125
2021-10-04,,150491.31699107488,,180888.527125
2021-10-05,,152243.3394060749,,182769.527125
2021-10-06,,152177.02389607485,,183530.027125
2021-10-07,,153978.36080857491,,185118.527125
2021-10-08,,152803.7208085749,,184781.027125
2021-10-11,,151625.76825857488,,183440.027125
2021-10-12,,151912.0578585749,,182990.027125
2021-10-13,,153033.40813507492,,183647.027125
2021-10-14,,155463.70033457485,,186738.527125
2021-10-15,,156406.41962007168,,188160.527125
2021-10-18,,157275.47301357167,,188714.027125
2021-10-19,,158097.8391871517,,190172.027125
2021-10-20,,158022.40345815173,,190919.027125
2021-10-21,,158857.4470455773,,191414.027125
2021-10-22,,157708.2185365773,,191216.027125
2021-10-25,,158252.36853657736,,192242.027125
2021-10-26,,158707.67496308917,,192417.527125
2021-10-27,,158518.95045244246,,191562.527125
2021-10-28,,160398.57611144247,,193412.027125
2021-10-29,,161113.16780167114,,193803.527125
2021-11-01,,160773.21179667112,,194136.527125
2021-11-02,,161311.47358417112,,194919.527125
2021-11-03,,162587.29186067113,,196112.027125
2021-11-04,,162855.45947867117,,197034.527125
2021-11-05,,163135.03527004767,,197718.527125
2021-11-08,,162891.16789554767,,197889.527125
2021-11-09,,162496.56440445324,,197232.527125
2021-11-10,,160854.49837676706,,195648.527125
2021-11-11,,161168.98809626704,,195711.527125
2021-11-12,,163159.47220387825,,197187.527125
2021-11-15,,162814.17716837823,,197255.027125
2021-11-16,,163773.66141872387,,198033.527125
2021-11-17,,162982.21606622386,,197556.527125
2021-11-18,,163724.10818246135,,198227.027125
2021-11-19,,163414.29384646137,,197871.527125
2021-11-22,,163672.86149297602,,197313.527125
2021-11-23,,163750.91223147605,,197574.527125
2021-11-24,,164699.96044147605,,198101.027125
2021-11-26,,160984.99104361076,,193686.527125
2021-11-29,,163177.17634211076,,196062.527125
2021-11-30,,159722.0412528243,,192246.527125
2021-12-01,,156110.97842987505,,190113.527125
2021-12-02,,159059.63511837504,,193025.027125
2021-12-03,,155256.57248755242,,191342.027125
2021-12-06,,156757.04769074672,,193610.027125
2021-12-07,,160832.1864867467,,197615.027125
2021-12-08,,161461.9737744933,,198137.027125
2021-12-09,,158863.70834743147,,196800.527125
2021-12-10,,158894.46034093146,,198650.027125
2021-12-13,,155932.5018512587,,196899.527125
2021-12-14,,154232.13161645105,,195536.027125
2021-12-15,,156856.80679582682,,198591.527125
2021-12-16,,154185.75971982678,,196841.027125
2021-12-17,,154499.6460693268,,194748.527125
2021-12-20,,153573.89017978037,,192678.527125
2021-12-21,,157719.9542303975,,196098.527125
2021-12-22,,159718.62488440474,,198060.527125
2021-12-23,,160178.3123781213,,199293.527125
2021-12-27,,162465.5736060263,,202110.527125
2021-12-28,,161034.46578802634,,201944.027125
2021-12-29,,161416.37578802631,,202205.027125
2021-12-30,,161220.94385802635,,201647.027125
2021-12-31,,160684.30850352638,,201138.527125
2022-01-03,100000.0,160211.01392402634,100000.0,202299.527125
2022-01-04,99856.609333,157863.17355605675,99615.9436585,202232.027125
2022-01-05,97628.60411527072,153744.45020375348,97710.9236585,198353.027125
2022-01-06,97608.08609873604,153130.3426068801,97618.1036585,198164.027125
2022-01-07,96985.61420170925,150686.082932691,97233.56365849999,197381.027125
2022-01-10,96320.02744645572,149632.98480884038,97114.2236585,197138.027125
2022-01-11,98043.06062697506,150636.11800234043,97991.59365849999,198924.527125
2022-01-12,98556.17240793648,151389.50887934043,98259.0036585,199469.027125
2022-01-13,97627.8657279365,148163.57887934044,96908.6936585,196719.527125
2022-01-14,97884.13330375915,147409.74038746607,96948.4736585,196800.527125
2022-01-18,96334.12985289085,144578.80167247448,95237.9336585,193317.527125
2022-01-19,95569.57548839087,142601.4606119467,94252.27365850001,191310.527125
2022-01-20,94285.47428549209,140358.62239267345,93213.5736585,189195.527125
2022-01-21,91860.95724999203,138467.71664589742,91388.11365849999,185478.527125
2022-01-24,91072.28292424037,138090.8053541759,91774.86365849999,186266.027125
2022-01-25,91634.73640874038,136912.7728591759,90658.81365849999,183993.527125
2022-01-26,91446.13633616595,137500.3628591759,90433.39365849999,183534.527125
2022-01-27,91019.98135198971,136399.61517223195,89986.9736585,182625.527125
2022-01-28,92463.05154457483,139651.83292923192,92214.6536585,187161.527125
2022-01-31,94919.78487467568,144156.68637520843,93869.9436585,190532.027125
2022-02-01,95887.34412382539,146014.76035692397,94502.0036585,191819.027125
2022-02-02,96314.10636582534,148562.037276424,95416.9436585,193682.027125
2022-02-03,95292.82445632535,145991.05589917398,93180.4236585,189128.027125
2022-02-04,95048.64576339404,146911.92487256648,93618.0036585,190019.027125
2022-02-07,95914.00524887773,147161.77782054202,93319.6536585,189411.527125
2022-02-08,96358.71047837773,148523.42860980332,94084.31365849999,190968.527125
2022-02-09,97412.32827001037,150619.3784386726,95456.7236585,193763.027125
2022-02-10,96701.49532123469,147806.13883867263,93746.1836585,190280.027125
2022-02-11,97009.73745723467,144900.28798780183,91905.2536585,186531.527125
2022-02-14,95749.07787723467,143495.27440991628,91604.6936585,185919.527125
2022-02-15,96064.81346423468,146298.97086641626,93076.55365850001,188916.527125
2022-02-16,96567.54077323468,145865.85619264384,93180.4236585,189128.027125
2022-02-17,96401.83538023467,141613.66630539385,91198.05365850001,185091.527125
2022-02-18,95809.75067008966,140198.8973694639,90610.1936585,183894.527125
2022-02-22,94038.16328665407,137785.3963294639,89640.0036585,181919.027125
2022-02-23,93234.53998376019,135311.3629801626,88079.7436585,178742.027125
2022-02-24,94228.4891354009,136739.6608825365,89310.7136585,181248.527125
2022-02-25,97132.40706990092,139659.85563953646,91341.7036585,185384.027125
2022-02-28,98401.8684400705,141056.27625007535,91107.4436585,184907.027125
2022-03-01,96485.6026280705,139217.2362927373,89726.1936585,182094.527125
2022-03-02,98505.60874487263,142554.0848330436,91370.4336585,185442.527125
2022-03-03,98397.61592654846,141112.47251655732,90917.3836585,184520.027125
2022-03-04,96968.88688273155,138903.34883694557,90181.4536585,183021.527125
2022-03-07,94736.74385780962,135355.97558375093,87531.6636585,177626.027125
2022-03-08,95110.19497416423,135472.31000621518,86870.8736585,176280.527125
2022-03-09,97808.7644174142,139588.97983621518,89191.3736585,181005.527125
2022-03-10,97987.18319126438,138709.6411137152,88789.1536585,180186.527125
2022-03-11,96611.21321389114,136732.29220449663,87664.2636585,177896.027125
2022-03-14,95788.41720122402,136230.90985023172,87025.5736585,176595.527125
2022-03-15,97164.858761896,139497.42811823174,88932.80365850001,180479.027125
2022-03-16,98790.18475087312,143245.1513374553,90897.4936585,184479.527125
2022-03-17,100765.40815937312,145440.6702088508,92031.2236585,186788.027125
2022-03-18,101459.04158178132,148033.09977170549,93036.77365850001,188835.527125
2022-03-21,102516.74334830377,148278.67310708333,93008.0436585,188777.027125
2022-03-22,103192.06794345065,149403.45196468718,94093.1536585,190986.527125
2022-03-23,103162.79624346759,147905.52087518718,92886.4936585,188529.527125
2022-03-24,104105.11235582849,149421.8100080735,94281.0036585,191369.027125
2022-03-25,105091.79526837546,150082.52369634333,94740.6836585,192305.027125
2022-03-28,104916.16205537543,150326.21496334334,95397.05365850001,193641.527125
2022-03-29,106491.28893702119,152215.27247779333,96583.8236585,196058.027125
2022-03-30,106324.54522552121,150271.23211538504,96011.4336585,194892.527125
2022-03-31,105159.00511543501,147506.95958321166,94521.89365849999,191859.527125
2022-04-01,105656.997188935,147055.57729492735,94787.09365849999,192399.527125
2022-04-04,105698.701575435,147516.61119938013,95598.1636585,194051.027125
2022-04-05,104566.70478243503,145209.35989706425,94393.7136585,191598.527125
2022-04-06,104002.11712089842,144372.98678243157,93452.2536585,189681.527125
2022-04-07,104402.19309539843,144463.81268263375,93922.9836585,190640.027125
2022-04-08,104766.8629633984,144939.48880813376,93671.0436585,190127.027125
2022-04-11,103814.68394006218,143378.12402519755,92075.4236585,186878.027125
2022-04-12,103483.23887801438,142995.14815369755,91737.2936585,186189.527125
2022-04-13,104504.35448251436,144661.40023769753,92782.6236585,188318.027125
2022-04-14,103368.55953951439,142530.54305339511,91631.2136585,185973.527125
2022-04-18,103258.85526814149,143546.63268201362,91668.7836585,186050.027125
2022-04-19,105347.88205914148,146618.23003201358,93145.06365849999,189056.027125
2022-04-20,105861.2942846415,146261.1264396942,93076.55365850001,188916.527125
2022-04-21,104256.7963446415,142462.94949413257,91688.6736585,186090.527125
2022-04-22,102320.1233636415,139213.9596804781,89180.3236585,180983.027125
2022-04-25,101959.64942669071,139503.96426209336,89697.4636585,182036.027125
2022-04-26,100328.68507569068,136255.52800093917,87107.34365849999,176762.027125
2022-04-27,101103.69618491268,136817.00988535155,87352.6536585,177261.527125
2022-04-28,102585.07722541266,140878.74540135154,89551.6036585,181739.027125
2022-04-29,100364.82969869947,136617.4004003624,86252.0736585,175020.527125
2022-05-02,100130.25171212424,138733.39435388462,86769.2136585,176073.527125
2022-05-03,101174.03238842287,140814.32862344774,87167.0136585,176883.527125
2022-05-04,103532.89432400918,145377.04069058408,89812.3836585,182270.027125
2022-05-05,101606.06643500917,141100.59234008408,86629.9836585,175790.027125
2022-05-06,101856.90063974613,140570.74458484308,86115.05365850001,174741.527125
2022-05-09,100072.28156438819,137437.69526200645,83368.02365850001,169148.027125
2022-05-10,99598.26143888816,137421.7786718449,83560.2936585,169539.527125
2022-05-11,99371.26874738815,136255.92722504202,82238.7136585,166848.527125
2022-05-12,99581.61590538814,135574.02552447014,82152.52365850001,166673.027125
2022-05-13,102714.95549318098,138996.85222597013,84108.3736585,170655.527125
2022-05-16,102661.30133439897,139428.57911212128,83768.0336585,169962.527125
2022-05-17,104227.56753143111,141738.7538617034,85485.2036585,173459.027125
2022-05-18,100187.14003827443,137064.2017933426,82053.0736585,166470.527125
2022-05-19,100265.17173649928,137787.4682655926,81551.4036585,165449.027125
2022-05-20,100341.0496894993,137245.86415659258,81586.7636585,165521.027125
2022-05-23,101567.4656550918,139729.12993734388,83107.2436585,168617.027125
2022-05-24,101103.83331517738,138440.79743911236,82475.1836585,167330.027125
2022-05-25,102579.9412866774,141128.6454276273,83202.27365850001,168810.527125
2022-05-26,104362.52772245153,144719.03806305805,84857.56365849999,172181.027125
2022-05-27,105832.32741454558,147026.20087380917,86932.7536585,176406.527125
2022-05-31,105285.93920483463,147711.82944532836,86446.55365850001,175416.527125
2022-06-01,104360.92406733465,146556.10400965103,85750.4036585,173999.027125
2022-06-02,104667.31056133466,147846.64285292593,87365.9136585,177288.527125
2022-06-03,104180.39744510027,146243.0506509259,85949.30365850001,174404.027125
2022-06-06,104348.56446260028,146711.0471754578,86210.08365849999,174935.027125
2022-06-07,105492.22847160029,147832.83122745776,87032.2036585,176609.027125
2022-06-08,103746.93017760027,146757.16165895775,86090.7436585,174692.027125
2022-06-09,101445.9611286003,143982.24220355216,84050.9136585,170538.527125
2022-06-10,100638.58099060028,141979.41665337296,81622.1236585,165593.027125
2022-06-13,97829.15528341262,138595.01809639577,78534.7536585,159306.527125
2022-06-14,96844.93207592246,139295.63440533637,78300.4936585,158829.527125
2022-06-15,96951.48443536773,140685.43777183638,79412.1236585,161093.027125
2022-06-16,93557.47373449372,136148.29818870022,76793.27365850001,155760.527125
2022-06-17,92400.54844050374,135965.95204853587,76959.02365850001,156098.027125
2022-06-21,94003.10577950375,138888.45614603587,78888.3536585,160026.527125
2022-06-22,92520.18576450377,137405.03808850545,78744.7036585,159734.027125
2022-06-23,91618.70625586288,135875.49497530263,79513.7836585,161300.027125
2022-06-24,93155.6916767034,138224.17589080264,82033.1836585,166430.027125
2022-06-27,94551.31935205752,140601.96599180266,81719.36365849999,165791.027125
2022-06-28,95551.15858205753,141974.10856030264,80057.4436585,162407.027125
2022-06-29,93241.17298555752,139066.27766030258,79991.14365849999,162272.027125
2022-06-30,92243.9136786089,137388.68945663646,79345.8236585,160958.027125
2022-07-01,93031.83998953298,138652.14398863647,80181.2036585,162659.027125
2022-07-05,90222.75474834713,134320.55157992922,80331.4836585,162965.027125
2022-07-06,89360.48016087175,132557.7676719739,80601.1036585,163514.027125
2022-07-07,91163.0378463718,136418.6990790126,81803.34365849999,165962.027125
2022-07-08,91166.49047837178,136464.85940201255,81737.0436585,165827.027125
2022-07-11,90368.61835737177,134818.44467201259,80806.6336585,163932.527125
2022-07-12,89080.89140137177,132576.314217043,80095.0136585,162483.527125
2022-07-13,88959.91226837177,132478.677357043,79675.11365849999,161628.527125
2022-07-14,86820.98607691213,129543.41217508078,79482.84365849999,161237.027125
2022-07-15,87911.16929333299,131610.20448858078,80994.4836585,164315.027125
2022-07-18,88318.94279133297,133816.19472658078,80329.27365850001,162960.527125
2022-07-19,90538.67434564047,138158.9597348582,82490.6536585,167361.527125
2022-07-20,90447.30446146373,137554.0347221691,83014.4236585,168428.027125
2022-07-21,90026.46233446374,136855.26004166907,83856.4336585,170142.527125
2022-07-22,89688.85647272161,136339.8175219735,83082.9336585,168567.527125
2022-07-25,91003.9932942216,139322.0776589735,83182.3836585,168770.027125
2022-07-26,90816.25077072158,139339.65592818885,82201.14365849999,166772.027125
2022-07-27,92290.9726779917,141414.74162618883,84327.1636585,171101.027125
2022-07-28,93247.59374136064,141805.72294490848,85374.7036585,173234.027125
2022-07-29,94148.73083936067,143856.91138732166,86621.14365849999,175772.027125
2022-08-01,93759.27476816066,143197.99525480514,86366.9936585,175254.527125
2022-08-02,93040.7635852056,142812.55907680513,85799.02365850001,174098.027125
2022-08-03,92447.13609820558,142163.30591480515,87138.2836585,176825.027125
2022-08-04,91323.29112497796,140142.52187952853,87078.61365849999,176703.527125
2022-08-05,92428.33263947797,141901.79035403306,86932.7536585,176406.527125
2022-08-08,92948.66708847796,142765.25998303312,86831.09365849999,176199.527125
2022-08-09,94257.94902867837,144492.14232453308,86488.5436585,175502.027125
2022-08-10,94747.92055427845,145329.42892353307,88298.5336585,179187.527125
2022-08-11,95293.55601727843,146725.96946546505,88298.5336585,179187.527125
2022-08-12,96268.78956727844,148245.58858146504,89788.0736585,182220.527125
2022-08-15,96480.65450927842,148351.12577996502,90154.9336585,182967.527125
2022-08-16,96707.66611677842,148763.47077246505,90331.7336585,183327.527125
2022-08-17,96342.57915350106,149308.36482198388,89693.0436585,182027.027125
2022-08-18,97127.0123978201,150319.55783909914,89953.8236585,182558.027125
2022-08-19,97484.87613843422,151444.36569386855,88749.3736585,180105.527125
2022-08-22,96917.15142193422,150400.94790086854,86906.2336585,176352.527125
2022-08-23,97817.5877305393,150233.84649753707,86698.4936585,175929.527125
2022-08-24,98896.98234107546,150405.7942300371,86974.7436585,176492.027125
2022-08-25,100078.42040732349,150832.83395153706,88196.8736585,178980.527125
2022-08-26,97621.64199282351,147365.2349345371,85222.2136585,172923.527125
2022-08-29,97764.0510523235,146033.38392553705,84660.8736585,171780.527125
2022-08-30,96041.65201932349,144927.52971766423,83734.8836585,169895.027125
2022-08-31,95447.14396460497,144212.18436616423,83100.61365849999,168603.527125
2022-09-01,94144.70073135704,144149.9491113285,83361.39365849999,169134.527125
2022-09-02,94482.21526285703,142998.1000468285,82484.02365850001,167348.027125
2022-09-06,94143.29996335703,143019.4674373285,82174.6236585,166718.027125
2022-09-07,94659.1484630287,144307.7134827161,83644.27365850001,169710.527125
2022-09-08,95205.9781166279,145148.4681252161,84190.14365849999,170822.027125
2022-09-09,96843.11111960022,146953.3987027161,85494.0436585,173477.027125
2022-09-12,98210.95898810022,148925.8072737161,86408.9836585,175340.027125
2022-09-13,95926.78188410022,143612.8374422161,82665.2436585,167717.027125
2022-09-14,97455.68671860176,144019.8464796695,82979.06365849999,168356.027125
2022-09-15,95508.80096666732,142712.5116397515,82039.81365849999,166443.527125
2022-09-16,94148.4326118152,142380.46623756742,81416.59365849999,165174.527125
2022-09-19,94420.84932831519,142999.17855663903,82046.4436585,166457.027125
2022-09-20,93203.8702238152,142179.37848313904,81107.1936585,164544.527125
2022-09-21,92071.5827763152,140307.3235802682,79699.4236585,161678.027125
2022-09-22,90805.13617947127,139515.3899102682,79032.0036585,160319.027125
2022-09-23,88666.23446256568,137891.41365446668,77712.6336585,157632.527125
2022-09-26,87512.36005765194,136326.60625146673,76947.9736585,156075.527125
2022-09-27,87298.56350313593,136648.62638470263,76751.2836585,155675.027125
2022-09-28,89567.5551212485,140492.44341320262,78256.2936585,158739.527125
2022-09-29,88731.67202446071,139022.66703871317,76627.52365850001,155423.027125
2022-09-30,88003.02735396072,137995.12102546316,75447.3836585,153020.027125
2022-10-03,91063.66417128511,142126.6535195939,77431.9636585,157061.027125
2022-10-04,93384.39199521887,146433.9088155315,79820.9736585,161925.527125
2022-10-05,92681.2268738587,144650.57684312327,79635.33365849999,161547.527125
2022-10-06,91273.08191883923,141399.9332851233,78817.6336585,159882.527125
2022-10-07,89629.6187554134,137566.3518693477,76627.52365850001,155423.027125
2022-10-10,89180.00154849025,137074.0912088976,76046.2936585,154239.527125
2022-10-11,88854.12397511912,136861.2256416465,75566.7236585,153263.027125
2022-10-12,87626.66320101134,134874.7687983012,75316.9936585,152754.527125
2022-10-13,88975.27614157817,136974.6402410122,77297.1536585,156786.527125
2022-10-14,86736.7222290782,133871.2559230122,75542.4136585,153213.527125
2022-10-17,88440.7512110782,137025.71872076223,77476.1636585,157151.027125
2022-10-18,89600.3250175782,139227.78781326217,78382.2636585,158996.027125
2022-10-19,88887.59177807819,138465.6235557622,77829.7636585,157871.027125
2022-10-20,88056.28019297527,137245.3440657622,77180.02365850001,156548.027125
2022-10-21,89149.55007793388,139217.73632334464,79047.4736585,160350.527125
2022-10-24,89898.88940693387,140342.94743485298,80011.0336585,162312.527125
2022-10-25,91009.38998073184,143661.7302943316,81281.7836585,164900.027125
2022-10-26,91711.14742073184,142488.7531330754,80671.8236585,163658.027125
2022-10-27,92183.1944112768,142386.77155157542,80243.08365849999,162785.027125
2022-10-28,94193.64043240051,144609.92522850202,82145.89365849999,166659.527125
2022-10-31,94387.34954578009,144146.135259002,81553.61365849999,165453.527125
2022-11-01,94436.92516728006,144143.65359900205,81197.80365850001,164729.027125
2022-11-02,93224.8804378708,140822.53499737725,79169.02365850001,160598.027125
2022-11-03,92958.8709798708,141117.56010924053,78357.9536585,158946.527125
2022-11-04,93830.30998124916,141104.88637105506,79480.6336585,161232.527125
2022-11-07,94310.85987343654,142010.44662369436,80236.4536585,162771.527125
2022-11-08,94606.07078093654,142782.772955823,80669.61365849999,163653.527125
2022-11-09,93306.28082825989,139996.46428211356,79012.11365849999,160278.527125
2022-11-10,95963.75760102383,144201.68617353478,83337.08365849999,169085.027125
2022-11-11,95106.71237674309,144626.65462960908,84141.52365850001,170723.027125
2022-11-14,94480.14984532811,143697.23115997182,83427.6936585,169269.527125
2022-11-15,94614.01742056031,144098.94384847183,84137.1036585,170714.027125
2022-11-16,94522.62839656029,144425.6738484718,83498.4136585,169413.527125
2022-11-17,94312.74675429745,144895.54681997185,83242.05365850001,168891.527125
2022-11-18,95118.4056722975,145791.90924697177,83619.9636585,169661.027125
2022-11-21,94969.74828040917,146265.0344269718,83317.1936585,169044.527125
2022-11-22,95805.48903190918,147358.86047597183,84433.2436585,171317.027125
2022-11-23,95677.5579799092,147472.4984534718,84963.64365849999,172397.027125
2022-11-25,96068.95809090919,148139.8608629718,84943.7536585,172356.527125
2022-11-28,94629.59236840918,146834.9388199718,83593.4436585,169607.027125
2022-11-29,94854.5927604092,147073.99627697183,83452.0036585,169319.027125
2022-11-30,96695.78190190918,148977.23795947182,86070.8536585,174651.527125
2022-12-01,96387.51285190634,147965.12448523418,86006.7636585,174521.027125
2022-12-02,96657.15323490635,149264.24949023416,85907.31365849999,174318.527125
2022-12-05,94900.59241836169,146828.42365223414,84369.1536585,171186.527125
2022-12-06,94107.30102520969,144420.93795233686,83155.86365849999,168716.027125
2022-12-07,94155.76725872708,144421.9703302472,83016.6336585,168432.527125
2022-12-08,94020.28950572705,143667.9958577472,83664.1636585,169751.027125
2022-12-09,92822.30915372708,141471.75299377236,83040.9436585,168482.027125
2022-12-12,93888.16816122709,143497.01708177238,84234.34365849999,170912.027125
2022-12-13,94264.69934972707,143756.80162482907,84868.61365849999,172203.527125
2022-12-14,94643.74698572708,143050.62695232907,84329.3736585,171105.527125
2022-12-15,93864.24718172706,142553.29726932908,82274.0736585,166920.527125
2022-12-16,93112.18374667881,141051.2238318291,81306.09365849999,164949.527125
2022-12-19,92261.24974817882,140203.3547828433,80618.7836585,163550.027125
2022-12-20,92345.3274401788,140955.22970559925,80729.2836585,163775.027125
2022-12-21,93691.27204067881,143187.20410359927,81931.52365850001,166223.027125
2022-12-22,92632.57605467881,140882.96098988317,80766.8536585,163851.527125
2022-12-23,93134.92533991906,141884.90282088317,81230.9536585,164796.527125
2022-12-27,92600.8147224551,140567.11593491546,80910.5036585,164144.027125
2022-12-28,91576.27901211493,138588.32649761837,79909.3736585,162105.527125
2022-12-29,92804.23784966713,140437.63077961837,81341.4536585,165021.527125
2022-12-30,92393.92375716713,140299.49986178742,81129.2936585,164589.527125
2023-01-03,91659.99981066716,138817.92191829195,80788.9536585,163896.527125
2023-01-04,92532.27326409795,139611.64412251575,81409.9636585,165161.027125
2023-01-05,91912.00748832403,139028.8506940095,80483.9736585,163275.527125
2023-01-06,93778.4380679017,141979.15241700952,82322.6936585,167019.527125
2023-01-09,93374.4003594017,142217.64893876624,82276.2836585,166925.027125
2023-01-10,93794.34346020535,143323.28247096625,82850.8836585,168095.027125
2023-01-11,94266.58517670532,143943.3020319536,83894.0036585,170219.027125
2023-01-12,94164.25723689947,144310.11844645365,84198.9836585,170840.027125
2023-01-13,94246.00141138001,144187.36699893515,84523.8536585,171501.527125
2023-01-17,93738.70963988002,144248.13207503554,84369.1536585,171186.527125
2023-01-18,92433.62809288001,142496.82865053558,83043.1536585,168486.527125
2023-01-19,91833.65757088004,141789.78297253558,82439.8236585,167258.027125
2023-01-20,91969.37774909973,142328.72294903555,83971.3536585,170376.527125
2023-01-23,91807.83572709972,142598.35535903557,84974.6936585,172419.527125
2023-01-24,92160.18821458577,142877.02306206664,84884.08365849999,172235.027125
2023-01-25,92699.29941858575,142999.13872173394,84915.02365850001,172298.027125
2023-01-26,92958.28726558576,143462.76955773393,85845.4336585,174192.527125
2023-01-27,92493.28085108576,142356.3942437339,86042.1236585,174593.027125
2023-01-30,92415.52200508578,142248.49898073397,84965.8536585,172401.527125
2023-01-31,93323.16374708578,143882.61616973393,86210.08365849999,174935.027125
2023-02-01,92902.32524008576,144034.22791423395,87122.81365849999,176793.527125
2023-02-02,91290.15600323722,141464.17161431778,88386.9336585,179367.527125
2023-02-03,90940.9294662372,140737.64924031778,87449.89365849999,177459.527125
2023-02-06,91296.98334676957,141143.97726131784,86917.2836585,176375.027125
2023-02-07,91669.49992376957,142076.42533252493,88051.0136585,178683.527125
2023-02-08,91445.12639376956,141760.37214702493,87091.8736585,176730.527125
2023-02-09,91233.88481476957,141732.26876652497,86338.2636585,175196.027125
2023-02-10,91618.07619876959,143984.23120452493,86539.3736585,175605.527125
2023-02-13,92670.38123276955,145002.32204152492,87551.55365850001,177666.527125
2023-02-14,92313.57994176957,144317.54499002497,87511.77365850001,177585.527125
2023-02-15,92421.94898076955,144566.80361302497,87794.6536585,178161.527125
2023-02-16,92012.19808726957,143307.265283025,86590.2036585,175709.027125
2023-02-17,91413.35294311584,143553.0797395425,86375.83365849999,175272.527125
2023-02-21,90483.73736511584,142181.2749955425,84649.8236585,171758.027125
2023-02-22,90292.64333261584,141646.55337754253,84532.6936585,171519.527125
2023-02-23,90411.74725111584,141908.22187691246,84981.3236585,172433.027125
2023-02-24,89932.66255511585,141250.49563241247,84075.2236585,170588.027125
2023-02-27,89815.60384573253,141692.74789141247,84362.52365850001,171173.027125
2023-02-28,89718.78818573253,141239.58494041243,84050.9136585,170538.527125
2023-03-01,90096.36552973255,141959.38068841246,83730.4636585,169886.027125
2023-03-02,90719.22027473254,142434.19887886933,84377.9936585,171204.527125
2023-03-03,91828.25137673253,144070.6787173693,85726.09365849999,173949.527125
2023-03-06,91836.34848523252,143567.5364808693,85785.7636585,174071.027125
2023-03-07,90914.84184073254,141833.09315436927,84475.2336585,171402.527125
2023-03-08,90976.40684973255,141266.09672936928,84612.2536585,171681.527125
2023-03-09,89312.22064235632,138491.43873736926,83058.6236585,168518.027125
2023-03-10,87946.28933413772,137241.26673937356,81863.0136585,166083.527125
2023-03-13,87490.53085792743,136528.94944743527,81748.09365849999,165849.527125
2023-03-14,87942.46752717743,137712.73396793526,83093.9836585,168590.027125
2023-03-15,85677.3001207344,134277.83830630092,82576.84365849999,167537.027125
2023-03-16,87092.3470202344,136064.7658188009,84019.9736585,170475.527125
2023-03-17,85904.27767923441,133791.2685049346,83040.9436585,168482.027125
2023-03-20,87127.60767923442,136207.7705309346,83836.5436585,170102.027125
2023-03-21,88397.82767923443,138603.10541893457,84932.7036585,172334.027125
2023-03-22,87014.87498573441,135806.10774343455,83489.5736585,169395.527125
2023-03-23,86919.66228573442,135452.97064593458,83714.9936585,169854.527125
2023-03-24,87275.3693197344,135710.01868743458,84263.0736585,170970.527125
2023-03-27,87704.90208523441,137051.72736343456,84419.9836585,171290.027125
2023-03-28,88097.80449073442,138191.8947787346,84229.9236585,170903.027125
2023-03-29,88650.95731023441,139999.61526173458,85449.84365849999,173387.027125
2023-03-30,89142.83227323441,140892.7410052346,85949.30365850001,174404.027125
2023-03-31,90211.6761752344,143459.48041573458,87155.9636585,176861.027125
2023-04-03,90572.53353223443,144341.98677077197,87487.4636585,177536.027125
2023-04-04,90232.46353223441,143538.14147827192,87003.4736585,176550.527125
2023-04-05,89719.67556599097,142120.51823729172,86775.84365849999,176087.027125
2023-04-06,89490.50016799098,141997.60851179174,87113.9736585,176775.527125
2023-04-10,89872.49844099095,142735.28503329173,87202.3736585,176955.527125
2023-04-11,90124.22000299099,142775.9360022917,87224.4736585,177000.527125
2023-04-12,89942.23589699095,142566.81958469172,86870.8736585,176280.527125
2023-04-13,90399.78694199097,143757.64135269172,88020.0736585,178620.527125
2023-04-14,90003.25190549098,143325.2474721917,87805.7036585,178184.027125
2023-04-17,90591.27582749097,144853.68936419173,88119.52365850001,178823.027125
2023-04-18,90674.52181049099,144899.45358869171,88176.9836585,178940.027125
2023-04-19,90579.934392991,144754.22141719173,88163.7236585,178913.027125
2023-04-20,90638.51000769222,144228.66905458964,87684.1536585,177936.527125
2023-04-21,90816.41316619223,144085.6399817015,87750.4536585,178071.527125
2023-04-24,91247.23770511462,144056.95763020148,87843.27365850001,178260.527125
2023-04-25,89738.72088417907,140665.41095883347,86453.1836585,175430.027125
2023-04-26,89380.78133467908,140155.52301283344,86088.5336585,174687.527125
2023-04-27,90380.69371217908,141847.8452861181,87796.86365849999,178166.027125
2023-04-28,90982.35477467909,142910.6265981181,88541.6336585,179682.527125
2023-05-01,91066.44816067908,143173.3748251181,88453.2336585,179502.527125
2023-05-02,88877.37840715502,141191.49670411812,87463.1536585,177486.527125
2023-05-03,87943.32873880502,139704.9039316181,86864.2436585,176267.027125
2023-05-04,86074.00011247025,137981.32018127185,86252.0736585,175020.527125
2023-05-05,87657.67103947025,140113.65454308537,87843.27365850001,178260.527125
2023-05-08,87694.45385047025,140632.33257182012,87865.3736585,178305.527125
2023-05-09,87387.75086247025,139111.4310023201,87483.0436585,177527.027125
2023-05-10,87108.86323066411,138755.62262400682,87889.6836585,178355.027125
2023-05-11,86388.96998923605,138472.7282140068,87737.1936585,178044.527125
2023-05-12,85738.56915473603,139024.12340100683,87622.27365850001,177810.527125
2023-05-15,86636.97589553604,140288.94079500684,87922.83365849999,178422.527125
2023-05-16,85198.62960896998,139572.8991995068,87337.1836585,177230.027125
2023-05-17,86763.74891246055,141493.09824800683,88393.56365849999,179381.027125
2023-05-18,87388.00830146056,142790.35829300678,89242.2036585,181109.027125
2023-05-19,87544.43813996053,142574.7231165068,89114.02365850001,180848.027125
2023-05-22,87156.36233470016,141943.9594600068,89149.3836585,180920.027125
2023-05-23,85956.39418955213,139711.84231336825,88152.6736585,178890.527125
2023-05-24,85538.78489351038,138552.37997736825,87516.1936585,177594.527125
2023-05-25,85071.1144035104,140090.82383240655,88272.0136585,179133.527125
2023-05-26,85074.11545501038,139919.0548907831,89410.1636585,181451.027125
2023-05-30,84732.67813601039,139722.6885027831,89443.31365849999,181518.527125
2023-05-31,84769.52821690706,139233.70546622723,88950.4836585,180515.027125
2023-06-01,85161.15487890704,140196.18970072723,89792.4936585,182229.527125
2023-06-02,86215.71417990705,142708.88634392613,91085.34365849999,184862.027125
2023-06-05,86324.6061706214,142366.06282042613,90912.9636585,184511.027125
2023-06-06,86756.74306312136,143182.05038492611,91109.6536585,184911.527125
2023-06-07,86863.28373012139,143361.13868017888,90795.83365849999,184272.527125
2023-06-08,87074.29474759338,143831.8035601789,91341.7036585,185384.027125
2023-06-09,87321.39068509336,143875.9184291789,91505.2436585,185717.027125
2023-06-12,87800.17944259336,145214.40157817886,92333.9936585,187404.527125
2023-06-13,88116.39931909335,145604.72928067885,92939.5336585,188637.527125
2023-06-14,88131.24980909337,145994.93723807388,93050.0336585,188862.527125
2023-06-15,88581.14623459337,146833.9964260739,94199.2336585,191202.527125
2023-06-16,88468.0017620934,146461.0086665739,93880.9936585,190554.527125
2023-06-20,88173.75157273315,146324.13040757392,93394.7936585,189564.527125
2023-06-21,88012.93834473313,145866.15171607392,92917.4336585,188592.527125
2023-06-22,88298.94649023315,146528.81446707394,93251.14365849999,189272.027125
2023-06-23,87891.22827573316,145332.8730175739,92548.36365849999,187841.027125
2023-06-26,88220.03369323316,145517.9112395739,92172.6636585,187076.027125
2023-06-27,89375.24927964984,147233.47871238834,93180.4236585,189128.027125
2023-06-28,88968.33782264983,147101.51889338833,93226.83365849999,189222.527125
2023-06-29,89704.81029714983,147267.70346488833,93593.6936585,189969.527125
2023-06-30,90594.75029714985,148847.76547488832,94694.27365850001,192210.527125
2023-07-03,90737.59553314984,148823.10290688832,94802.56365849999,192431.027125
2023-07-05,90041.59864614983,148512.2817403883,94661.1236585,192143.027125
2023-07-06,89433.83574364983,147288.55176538834,93922.9836585,190640.027125
2023-07-07,89366.22777014981,146870.08657738834,93686.5136585,190158.527125
2023-07-10,90609.99998764982,148490.26526846545,93922.9836585,190640.027125
2023-07-11,90947.24708545183,148518.5884084655,94519.6836585,191855.027125
2023-07-12,91139.83088745186,149355.73990947875,95277.7136585,193398.527125
2023-07-13,91668.64388290636,150205.61616843328,96031.3236585,194933.027125
2023-07-14,92086.94534690636,151016.3477799333,95971.6536585,194811.527125
2023-07-17,92219.92073040636,151264.48557884546,96303.1536585,195486.527125
2023-07-18,91932.50073040636,151306.5628498455,97016.9836585,196940.027125
2023-07-19,91662.44721240636,151416.50616784548,97231.3536585,197376.527125
2023-07-20,91675.54233840632,151459.67834534548,96588.2436585,196067.027125
2023-07-21,91932.67659240635,151781.75366134546,96588.2436585,196067.027125
2023-07-24,91902.93124790635,151392.42388584546,97019.1936585,196944.527125
2023-07-25,91968.72248385951,151530.72309234546,97282.1836585,197480.027125
2023-07-26,91839.7224298595,151006.79005788764,97297.6536585,197511.527125
2023-07-27,90451.56796597273,149546.26719638763,96654.5436585,196202.027125
2023-07-28,90769.28621497273,149510.24271279213,97598.2136585,198123.527125
2023-07-31,90923.28010847271,149741.59641229213,97781.64365849999,198497.027125
2023-08-01,90817.77919797272,149307.02045029216,97503.1836585,197930.027125
2023-08-02,90097.0591979727,148109.4396782921,96150.6636585,195176.027125
2023-08-03,89609.71626560403,147878.97429501096,95876.6236585,194618.027125
2023-08-04,89230.05339460404,146359.02937101098,95445.6736585,193740.527125
2023-08-07,89840.42961810401,147850.29353636672,96274.4236585,195428.027125
2023-08-08,89387.42238364922,146863.5812668667,95858.9436585,194582.027125
2023-08-09,89759.48630894646,145713.3033608667,95220.2536585,193281.527125
2023-08-10,89487.70679594643,145866.12922145176,95253.4036585,193349.027125
2023-08-11,89230.44286544646,145215.7714814832,95198.1536585,193236.527125
2023-08-14,89547.39536044645,146593.48780898322,95721.9236585,194303.027125
2023-08-15,88853.02635094646,145395.65530048322,94610.2936585,192039.527125
2023-08-16,88625.89477344645,144028.59151837113,93918.56365849999,190631.027125
2023-08-17,87630.33559526919,142724.6872621356,93204.7336585,189177.527125
2023-08-18,87595.84204766699,142757.37381480797,93248.9336585,189267.527125
2023-08-21,87655.897886667,145152.09022324547,93854.4736585,190500.527125
2023-08-22,87689.42136877208,145166.06816724545,93600.3236585,189983.027125
2023-08-23,88459.12835327207,146941.14816724544,94641.2336585,192102.527125
2023-08-24,87640.82084427208,144223.12480324545,93332.9136585,189438.527125
2023-08-25,87907.20386577205,145201.630846563,93989.2836585,190775.027125
2023-08-28,88445.43506927206,146030.27310056303,94581.56365849999,191981.027125
2023-08-29,89472.46427177207,149102.62356769262,95945.1336585,194757.527125
2023-08-30,89710.44059277207,149577.7209816926,96338.5136585,195558.527125
2023-08-31,89528.11380177207,149792.34116719262,96199.2836585,195275.027125
2023-09-01,89601.01123427207,149327.3265391926,96378.2936585,195639.527125
2023-09-05,89106.99787327206,148704.97269569262,95962.81365849999,194793.527125
2023-09-06,88948.07726527208,148340.60933619263,95319.7036585,193484.027125
2023-09-07,88721.05469228761,148198.10004719265,95027.9836585,192890.027125
2023-09-08,88434.08183478762,148178.8900471926,95169.4236585,193178.027125
2023-09-11,88617.16396228761,149259.60479419262,95794.8536585,194451.527125
2023-09-12,88322.07411878763,148374.4474706926,95271.08365849999,193385.027125
2023-09-13,88042.84190978762,148031.1093845981,95381.58365849999,193610.027125
2023-09-14,88790.34873528761,149242.74093009817,96201.4936585,195279.527125
2023-09-15,88000.77263328763,147474.4409390981,95045.6636585,192926.027125
2023-09-18,87431.24675478763,147128.1094400981,95100.9136585,193038.527125
2023-09-19,87449.0679765123,146795.07417309814,94904.2236585,192638.027125
2023-09-20,86770.59095301232,145649.1423170981,94035.6936585,190869.527125
2023-09-21,85247.37468660035,142433.0313549052,92486.4836585,187715.027125
2023-09-22,85003.28351120529,142260.02572587677,92278.7436585,187292.027125
2023-09-25,85252.10125308971,142685.3556597799,92665.4936585,188079.527125
2023-09-26,84137.81320658972,140942.07905472882,91308.55365850001,185316.527125
2023-09-27,84163.84984153468,141594.75192437167,91346.1236585,185393.027125
2023-09-28,85034.0558500347,143308.10176887165,91872.1036585,186464.027125
2023-09-29,85032.94186561466,143221.75310812122,91651.1036585,186014.027125
2023-10-02,84800.14798809325,143440.8985819827,91613.5336585,185937.527125
2023-10-03,83308.34423409325,140740.16660104835,90391.4036585,183449.027125
2023-10-04,84434.07041409325,142654.67751704835,91047.77365850001,184785.527125
2023-10-05,84466.64152269324,142347.67075783177,91014.6236585,184718.027125
2023-10-06,84979.47220669324,143839.9025863318,92090.89365849999,186909.527125
2023-10-09,84986.6832660838,143462.41589769704,92678.7536585,188106.527125
2023-10-10,85767.21397448411,144724.67313469705,93158.3236585,189083.027125
2023-10-11,85668.25317298411,144770.49858119703,93538.4436585,189857.027125
2023-10-12,84985.34043711146,143088.15731226886,92970.4736585,188700.527125
2023-10-13,84437.17038448357,141265.40074726887,92508.58365849999,187760.027125
2023-10-16,85368.86849448358,142811.4732671858,93478.77365850001,189735.527125
2023-10-17,85501.97387898358,143197.2538601858,93474.3536585,189726.527125
2023-10-18,84201.79471648356,140222.30811805185,92234.5436585,187202.027125
2023-10-19,83676.17364008361,139529.4480455518,91425.6836585,185555.027125
2023-10-20,82701.32990216668,138119.99232826388,90307.4236585,183278.027125
2023-10-23,82539.95105255039,137290.86560121595,90150.5136585,182958.527125
2023-10-24,83341.80073655295,138584.79698521597,90828.9836585,184340.027125
2023-10-25,81898.87437221548,135165.08212820409,89529.5036585,181694.027125
2023-10-26,81474.19597005859,133609.18436167465,88459.86365849999,179516.027125
2023-10-27,80917.15427155861,133244.1330459081,88062.06365849999,178706.027125
2023-10-30,80893.3892320586,133986.33051364234,89109.6036585,180839.027125
2023-10-31,81519.22154929335,135214.70784114234,89668.7336585,181977.527125
2023-11-01,82912.59051207079,137320.48214614234,90621.2436585,183917.027125
2023-11-02,84803.90584452271,140257.72775964235,92351.6736585,187440.527125
2023-11-03,86113.69099642894,141951.8534983189,93191.4736585,189150.527125
2023-11-06,85894.27520142896,141914.27953231888,93403.6336585,189582.527125
2023-11-07,85544.18479392896,141843.4084218189,93668.83365849999,190122.527125
2023-11-08,85948.006607018,142024.4203078749,93737.34365849999,190262.027125
2023-11-09,85748.52280960226,140803.89309037488,93010.2536585,188781.527125
2023-11-10,86520.75692314967,142626.1976893749,94455.59365849999,191724.527125
2023-11-13,86641.82948814967,143407.6927783749,94367.1936585,191544.527125
2023-11-14,87949.88285814968,146475.61263391972,96190.4436585,195257.027125
2023-11-15,88159.03255114968,145968.77219006958,96393.7636585,195671.027125
2023-11-16,87209.63286464967,144397.7738775696,96510.89365849999,195909.527125
2023-11-17,87941.01104764968,145401.51329506963,96630.2336585,196152.527125
2023-11-20,88138.10105214971,146268.91049306962,97372.7936585,197664.527125
2023-11-21,88093.79681864966,146102.2783685696,97160.6336585,197232.527125
2023-11-22,88396.23283914967,146347.8833975696,97534.1236585,197993.027125
2023-11-24,88618.07108914969,146599.12549056957,97593.7936585,198114.527125
2023-11-27,88517.69007914967,146286.39600306956,97419.2036585,197759.027125
2023-11-28,88187.73068214969,146262.02376456957,97516.4436585,197957.027125
2023-11-29,88149.94598264966,145581.25986706957,97447.9336585,197817.527125
2023-11-30,88907.19658314966,146161.7214850696,97830.2636585,198596.027125
2023-12-01,89692.46052414968,146824.59228506958,98407.0736585,199770.527125
2023-12-04,89361.62175214967,146182.02461608694,97892.14365849999,198722.027125
2023-12-05,88690.14179385384,144934.7651884356,97872.2536585,198681.527125
2023-12-06,88311.83294235384,143510.8084024356,97478.8736585,197880.527125
2023-12-07,88361.2425593205,144116.41174058855,98221.4336585,199392.527125
2023-12-08,88831.36310875806,144440.54269408854,98641.33365849999,200247.527125
2023-12-11,89470.44982175805,145056.27775008857,99023.6636585,201026.027125
2023-12-12,89890.78836875805,145138.01415408857,99474.5036585,201944.027125
2023-12-13,90514.9833007093,145647.59530808855,100842.4936585,204729.527125
2023-12-14,90026.65402170927,145785.25207758855,101165.1536585,205386.527125
2023-12-15,89864.2300789936,145605.57445058855,100999.4036585,205049.027125
2023-12-18,90551.4671414936,147184.45956208854,101565.1636585,206201.027125
2023-12-19,91063.5565054936,148083.27521308852,102179.5436585,207452.027125
2023-12-20,90179.76143849362,146967.70248858852,100769.56365849999,204581.027125
2023-12-21,91108.81761149358,147996.44673908854,101722.0736585,206520.527125
2023-12-22,91381.92498549359,148241.79272208852,101925.39365849999,206934.527125
2023-12-26,91672.9862189936,148555.3086685885,102354.1336585,207807.527125
2023-12-27,91883.9000394936,148945.79181458856,102539.77365850001,208185.527125
2023-12-28,91895.58821049359,149133.16723508853,102577.34365849999,208262.027125
2023-12-29,91631.3705179936,149010.19655508854,102281.2036585,207659.027125
2024-01-02,91270.88722949357,148112.74077408854,101711.02365850001,206498.027125
2024-01-03,90371.47683504445,147687.0397240885,100882.27365850001,204810.527125
2024-01-04,90321.32533454444,146764.31936108854,100559.61365849999,204153.527125
2024-01-05,90586.64420454446,146442.29266308853,100696.6336585,204432.527125
2024-01-08,91458.21702904443,148191.26413508854,102128.7136585,207348.527125
2024-01-09,92008.05113198311,147733.09913158856,101974.0136585,207033.527125
2024-01-10,92043.02759093311,148183.55635038693,102548.61365849999,208203.527125
2024-01-11,92065.09140736489,148285.13308633855,102504.4136585,208113.527125
2024-01-12,91703.08420049862,148725.51010383858,102575.1336585,208257.527125
2024-01-16,91249.58917972454,149108.85575883856,102199.4336585,207492.527125
2024-01-17,90602.28915472455,148468.28432883855,101633.6736585,206340.527125
2024-01-18,90782.13517972454,149538.38839888427,102535.3536585,208176.527125
2024-01-19,91171.15627550674,150931.07126047913,103808.31365849999,210768.527125
2024-01-22,91619.47422850675,151076.74656297915,104027.1036585,211214.027125
2024-01-23,91707.54876650675,151896.32731047916,104329.8736585,211830.527125
2024-01-24,91674.71516300674,152627.67947116977,104442.58365849999,212060.027125
2024-01-25,92558.10061897343,153284.23125619287,105010.55365850001,213216.527125
2024-01-26,92998.70628947344,153863.18776519285,104877.9536585,212946.527125
2024-01-29,93193.41903147344,154794.88744769283,105704.4936585,214629.527125
2024-01-30,93462.75562547344,155177.97473469283,105622.7236585,214463.027125
2024-01-31,93244.94094247343,155248.24491119283,103905.55365850001,210966.527125
2024-02-01,94097.52559097344,157078.65971158078,105260.2836585,213725.027125
2024-02-02,93734.37128147343,157742.85935887738,106365.2836585,215975.027125
2024-02-05,93294.94526997345,157345.2339204099,105978.5336585,215187.527125
2024-02-06,93890.72987147346,158348.91595690986,106285.7236585,215813.027125
2024-02-07,94018.66778697343,159713.150129204,107169.7236585,217613.027125
2024-02-08,94028.76385847344,158988.26527470403,107218.34365849999,217712.027125
2024-02-09,94201.20732447343,159383.42035909992,107834.9336585,218967.527125
2024-02-12,95092.74949197343,159892.50151895353,107788.52365850001,218873.027125
2024-02-13,94030.51992497346,158681.5983044536,106307.8236585,215858.027125
2024-02-14,94577.94423647344,160333.17372445358,107271.3836585,217820.027125
2024-02-15,96032.67360293964,161388.74513219792,108009.52365850001,219323.027125
2024-02-16,95598.39027193966,160251.59772638915,107472.4936585,218229.527125
2024-02-20,95493.75511893963,159220.08615593624,106882.4236585,217028.027125
2024-02-21,95065.30049543965,159234.38663843623,106979.6636585,217226.027125
2024-02-22,96012.11180743964,162170.31285230286,109187.4536585,221721.527125
2024-02-23,96174.79330243963,163408.94013830286,109262.59365849999,221874.527125
2024-02-26,95726.85285443965,164375.80253113917,108862.58365849999,221060.027125
2024-02-27,96345.8306475919,164206.6999771392,109063.6936585,221469.527125
2024-02-28,96096.68084459189,164187.4079196392,108920.0436585,221177.027125
2024-02-29,96393.9489260919,165495.23187213918,109311.2136585,221973.527125
2024-03-01,96833.80186909187,166422.10096815365,110334.4436585,224057.027125
2024-03-04,97328.12948275916,166825.09305579477,110217.31365849999,223818.527125
2024-03-05,96950.99387201529,164469.5497987948,109118.9436585,221582.027125
2024-03-06,97600.89664751531,165301.09600532008,109669.2336585,222702.527125
2024-03-07,98130.3395725153,166415.1147588201,110754.34365849999,224912.027125
2024-03-08,98639.23041951528,166960.6514358201,110091.34365849999,223562.027125
2024-03-11,99008.25309451531,167038.0145033201,109998.52365850001,223373.027125
2024-03-12,99355.3345380153,167749.07439982006,111176.4536585,225771.527125
2024-03-13,99543.83952035558,167867.2485908201,111004.0736585,225420.527125
2024-03-14,98666.00954935559,166252.6919038201,110785.2836585,224975.027125
2024-03-15,98854.78382435559,165266.84956332005,110027.2536585,223431.527125
2024-03-18,99086.1514368556,165881.29274782006,110679.2036585,224759.027125
2024-03-19,99789.9263528556,166037.04597707008,111291.3736585,226005.527125
2024-03-20,100679.4747214959,168028.30962357007,112319.02365850001,228098.027125
2024-03-21,101377.2602824959,168981.48891157002,112688.09365849999,228849.527125
2024-03-22,100955.4994734959,168391.46671257008,112475.9336585,228417.527125
2024-03-25,100860.21120599589,167761.29348007002,112164.3236585,227783.027125
2024-03-26,100253.7509679959,167128.45348007008,111958.7936585,227364.527125
2024-03-27,102197.59609649586,169984.21769207006,112895.83365849999,229272.527125
2024-03-28,102943.25522999589,170036.39441857004,112875.9436585,229232.027125
2024-04-01,102965.6395602918,169861.30791506317,112679.2536585,228831.527125
2024-04-02,101520.74439879181,168121.5441775632,111965.4236585,227378.027125
2024-04-03,101688.18416255199,167925.09703461305,112086.9736585,227625.527125
2024-04-04,101291.69463205198,167048.09395711301,110723.4036585,224849.027125
2024-04-05,101773.81383405198,169075.99025361307,111877.02365850001,227198.027125
2024-04-08,102384.17161305199,169356.32594711304,111938.9036585,227324.027125
2024-04-09,103406.47021164937,169417.81476908544,112069.2936585,227589.527125
2024-04-10,102091.15358564934,168396.31115508545,110948.8236585,225308.027125
2024-04-11,102227.52404164933,169962.31115508545,111784.2036585,227009.027125
2024-04-12,100404.1992942534,167392.81234351406,110246.0436585,223877.027125
2024-04-15,99659.96988812608,165619.33889701412,108869.2136585,221073.527125
2024-04-16,98744.1642606261,164421.0264094125,108670.31365849999,220668.527125
2024-04-17,98304.744143196,163703.28824983217,108029.4136585,219363.527125
2024-04-18,98170.243173196,163518.01223135384,107808.4136585,218913.527125
2024-04-19,98135.73769187598,163292.5552380045,106869.1636585,217001.027125
2024-04-22,98792.68171237598,164901.9008170045,107850.4036585,218999.027125
2024-04-23,100104.49045137595,167796.42081700452,109127.7836585,221600.027125
2024-04-24,100371.98506837596,167827.1121935045,109074.7436585,221492.027125
2024-04-25,99361.71651614083,166534.50336350454,108661.4736585,220650.527125
2024-04-26,99128.91217047069,167445.52099291398,109689.1236585,222743.027125
2024-04-29,99834.91969977277,167981.68537291398,110075.8736585,223530.527125
2024-04-30,98172.96888992703,166027.73816668836,108336.6036585,219989.027125
2024-05-01,98472.66327342704,166190.2416946884,107987.4236585,219278.027125
2024-05-02,99617.04457542705,167676.70169642052,108992.9736585,221325.527125
2024-05-03,100276.37139464737,169110.69509117052,110341.0736585,224070.527125
2024-05-06,100932.55889862435,170606.3441017892,111477.0136585,226383.527125
2024-05-07,101433.67080762435,170919.2327807892,111598.56365849999,226631.027125
2024-05-08,101407.27689361565,170995.7127807892,111609.61365849999,226653.527125
2024-05-09,102030.20745561563,171809.4875257892,112250.5136585,227958.527125
2024-05-10,102280.55907211562,171763.67251928922,112396.3736585,228255.527125
2024-05-13,102478.47037754036,171249.44677978917,112409.6336585,228282.527125
2024-05-14,102839.53290254036,172315.06202278924,112924.56365849999,229331.027125
2024-05-15,103177.17575254037,173972.72858122308,114319.07365850001,232170.527125
2024-05-16,102936.23430055547,173882.97161368284,114084.81365849999,231693.527125
2024-05-17,103203.31354655548,174502.1636551828,114248.3536585,232026.527125
2024-05-20,102939.50872205549,174058.2357056828,114378.7436585,232292.027125
2024-05-21,102683.35798215696,174368.3318556053,114659.4136585,232863.527125
2024-05-22,102037.28871015698,173155.03809925838,114330.1236585,232193.027125
2024-05-23,101281.02265015699,171582.7445897584,113496.9536585,230496.527125
2024-05-24,102120.0905708796,172850.93688500836,114246.14365849999,232022.027125
2024-05-28,100995.60657787959,171754.9377395084,114325.7036585,232184.027125
2024-05-29,99705.24862312111,169443.44018750836,113527.89365849999,230559.527125
2024-05-30,100439.39885362111,169612.55384500843,112776.4936585,229029.527125
2024-05-31,100960.16054767232,170563.02607850835,113799.7236585,231113.027125
2024-06-03,100096.9139597103,169811.60790266347,113892.54365849998,231302.027125
2024-06-04,99734.75874871033,169129.019394531,114020.7236585,231563.027125
2024-06-05,100677.41374871033,171086.19280953106,115371.0336585,234312.527125
2024-06-06,101079.45991971031,170977.14141653106,115368.82365850001,234308.027125
2024-06-07,100723.43639521033,170729.28136303104,115229.5936585,234024.52712500002
2024-06-10,101246.7395537103,171875.1133070655,115585.40365850001,234749.02712500002
2024-06-11,101345.87825921032,171307.68149674847,115861.65365850001,235311.52712500002
2024-06-12,102398.26519166061,172652.63858424846,116811.9536585,237246.527125
2024-06-13,101584.73761516059,172223.59898174848,117046.21365849998,237723.52712499996
2024-06-14,101300.47256865437,170849.9762517485,117116.9336585,237867.527125
2024-06-17,101717.36081165436,173121.0899397485,118047.3436585,239762.02712500002
2024-06-18,101215.50826508674,173476.42118424847,118345.6936585,240369.52712499996
2024-06-20,101770.68588003507,174165.70818324847,118025.2436585,239717.027125
2024-06-21,102380.8172175351,174446.14410217782,117866.1236585,239393.027125
2024-06-24,102896.99285503509,175079.18674767777,117483.79365849998,238614.527125
2024-06-25,102526.0992316383,174655.96059367774,117936.8436585,239537.02712500002
2024-06-26,102353.30285613827,174305.20390317772,118082.7036585,239834.027125
2024-06-27,102271.76561963829,174780.5750281778,118268.3436585,240212.02712500002
2024-06-28,102138.3150239739,173799.58289767776,117804.2436585,239267.027125
2024-07-01,101027.15051697388,173160.28264517774,118045.13365850001,239757.52712500002
2024-07-02,100924.94450097388,173511.03297317776,118838.5236585,241373.02712499996
2024-07-03,100785.38602597389,174021.8323651778,119366.71365849998,242448.52712499996
2024-07-05,100844.71473000855,174608.99840237777,120054.0236585,243848.02712499996
2024-07-08,101390.82691400855,174927.44535887774,120191.04365849998,244127.027125
2024-07-09,101089.01267605353,174307.8398377394,120308.1736585,244365.52712500002
2024-07-10,101825.93722355356,175033.17177523935,121494.9436585,246782.02712499996
2024-07-11,103005.34382855354,175341.77974373935,120451.82365850001,244658.027125
2024-07-12,103880.49089190386,176182.67132973936,121209.8536585,246201.527125
2024-07-15,103960.75916090384,176599.76294023934,121541.3536585,246876.527125
2024-07-16,105725.47534490383,178108.21639421035,122259.6036585,248339.027125
2024-07-17,105659.74088990384,177731.1618342104,120551.2736585,244860.52712499996
2024-07-18,104781.9185074076,175255.00283641493,119625.2836585,242975.027125
2024-07-19,104424.84150590759,175110.2224069149,118834.1036585,241364.027125
2024-07-22,104589.06752140762,175785.7228384149,120056.23365849999,243852.52712499996
2024-07-23,103830.96595590758,175285.72597291492,119868.38365850001,243470.02712500002
2024-07-24,102334.45429262824,172936.2184999149,117158.9236585,237953.02712500002
2024-07-25,101512.52885514936,171003.43104216168,116551.1736585,236715.52712500002
2024-07-26,102885.39052038809,172617.5096206617,117852.8636585,239366.02712500002
2024-07-29,103309.9015498881,173108.2188956617,117921.3736585,239505.527125
2024-07-30,103525.9533348881,171995.10121616168,117324.6736585,238290.52712500002
2024-07-31,103808.39979327774,173985.017401635,119227.48365849999,242165.02712499996
2024-08-01,102193.08068498445,171552.69017519627,117543.46365849998,238736.02712499996
2024-08-02,99827.97422757179,166886.70283649192,115359.98365849999,234290.02712499996
2024-08-05,98526.50192627663,164514.31323999367,112009.6236585,227468.027125
2024-08-06,99356.00789827661,166072.64779649372,113039.4836585,229565.027125
2024-08-07,98764.01762035662,166477.92426163369,112285.8736585,228030.527125
2024-08-08,100152.95025528518,169716.92539843687,114873.7836585,233300.027125
2024-08-09,99922.19830628517,170745.4912309369,115379.8736585,234330.527125
2024-08-12,99533.7789604961,169720.02083443687,115439.54365849998,234452.027125
2024-08-13,100351.82671881298,171235.29038456245,117333.5136585,238308.527125
2024-08-14,100779.90628031298,171360.40806756244,117702.58365849999,239060.027125
2024-08-15,102123.4995961344,174114.99908256246,119715.89365849999,243159.527125
2024-08-16,102545.34101613439,174388.67877456243,119983.30365850001,243704.027125
2024-08-19,103296.96162318959,174749.43326056242,121125.8736585,246030.527125
2024-08-20,102993.84188768962,174739.93614706246,120929.1836585,245630.027125
2024-08-21,103475.80554318958,175660.2816200624,121344.6636585,246476.027125
2024-08-22,103509.72610318963,175572.79898756242,120394.3636585,244541.02712500002
2024-08-23,104323.88475068957,177247.2342965624,121671.7436585,247142.027125
2024-08-26,104581.7447921896,177295.63671256244,121382.23365849999,246552.52712499996
2024-08-27,104714.2816656896,178205.34402406242,121547.98365849999,246890.02712499996
2024-08-28,104590.17353318959,177740.57737206243,120842.9936585,245454.527125
2024-08-29,104720.84735668958,177674.89303814698,120854.04365849998,245477.027125
2024-08-30,105221.1680741896,179321.06182714697,122005.4536585,247821.527125
2024-09-03,104295.0460146896,176329.47144697024,119501.5236585,242723.02712499996
2024-09-04,104216.07189068958,176436.58959847022,119256.21365849998,242223.52712499996
2024-09-05,103774.12740168959,176289.25894147024,118968.9136585,241638.527125
2024-09-06,102392.37567783115,173197.4470710372,116971.07365850001,237570.527125
2024-09-09,102800.27852733116,174685.98034853724,118277.1836585,240230.027125
2024-09-10,102870.32098133117,175092.56511553723,118789.90365850001,241274.02712500002
2024-09-11,103679.5441081505,178094.38708453724,120005.40365850001,243749.02712500002
2024-09-12,104384.31199915046,178754.5149420372,121015.3736585,245805.527125
2024-09-13,105315.24855515047,180822.1286104374,121645.2236585,247088.027125
2024-09-16,106371.5126474014,181700.48120243737,121824.23365849999,247452.52712499996
2024-09-17,106622.46596190135,182204.52916093735,121872.8536585,247551.527125
2024-09-18,106850.19564046453,181955.27973729436,121512.6236585,246818.027125
2024-09-19,107146.1839824645,182901.0981123225,123581.1836585,251030.027125
2024-09-20,107040.8955104645,182698.5246213488,123369.0236585,250598.02712499996
2024-09-23,107903.15841746451,183960.32539284878,123676.21365849998,251223.52712499996
2024-09-24,107733.71997796452,183676.19331784878,124027.6036585,251939.027125
2024-09-25,107345.23596736451,183166.07684744877,123755.7736585,251385.52712499996
2024-09-26,107848.70318186449,181832.84914489643,124244.1836585,252380.027125
2024-09-27,108248.48895886449,181861.22290439642,124065.1736585,252015.52712500002
2024-09-30,108290.1055953645,183150.93371239648,124560.21365849998,253023.52712499996
2024-10-01,108017.13681644817,182655.10937039636,123448.58365849999,250760.027125
2024-10-02,108156.27145065975,183238.13245939644,123499.4136585,250863.527125
2024-10-03,107860.95551615975,183168.14579839644,123273.9936585,250404.527125
2024-10-04,108957.69488515974,183611.22441139643,124392.25365849999,252681.52712499996
2024-10-07,108612.21476870516,182140.29046272486,123269.57365850001,250395.527125
2024-10-08,109163.17649370518,183337.0799422249,124434.2436585,252767.027125
2024-10-09,109892.12308870518,184664.14594965542,125293.9336585,254517.527125
2024-10-10,109494.72605402725,183873.42142895062,125075.14365849999,254072.027125
2024-10-11,109803.13337734288,185147.5153018644,125822.1236585,255593.027125
2024-10-14,109956.35392634287,186383.83706186444,126847.56365849999,257681.027125
2024-10-15,108570.02426784289,185374.18725336442,125864.1136585,255678.52712500002
2024-10-16,109573.69494034287,185551.2056133644,126409.98365849999,256790.02712499996
2024-10-17,109879.83332434286,186212.8785133644,126421.0336585,256812.527125
2024-10-18,110673.32049784288,187064.8428613644,126907.23365849999,257802.52712499996
2024-10-21,109922.70404934286,185944.88310836445,126699.4936585,257379.527125
2024-10-22,109513.75582297622,185417.08478086442,126630.98365849999,257240.02712499996
2024-10-23,108339.53189322623,183854.5249333644,125477.3636585,254891.02712500002
2024-10-24,108643.95735572622,183223.0490143254,125746.98365849999,255440.02712499996
2024-10-25,107743.30959660865,182869.3932118254,125704.9936585,255354.527125
2024-10-28,109000.43513638669,183978.48555932543,126091.7436585,256142.027125
2024-10-29,108805.6485898867,183967.20509332544,126295.06365849999,256556.027125
2024-10-30,108035.15084638668,182607.54812582536,125914.9436585,255782.02712499996
2024-10-31,107645.30352188669,181640.1587883254,123453.00365849999,250769.02712499996
2024-11-01,107354.7500005952,181362.01801282534,123972.3536585,251826.527125
2024-11-04,107223.2160785952,180839.9726368254,123704.9436585,251282.02712499996
2024-11-05,108758.8946075952,183151.7040998254,125198.90365850001,254324.02712500002
2024-11-06,110608.6216987921,183988.3560886647,128303.9536585,260646.527125
2024-11-07,111474.99948029211,184283.85240306982,129291.82365850001,262658.027125
2024-11-08,112158.49697616034,184412.79632406984,129850.9536585,263796.527125
2024-11-11,112011.87435855088,183370.16002172546,129974.71365849998,264048.527125
2024-11-12,110950.87592486756,182826.57225572542,129572.4936585,263229.527125
2024-11-13,111012.33809871634,183326.73709222546,129634.3736585,263355.527125
2024-11-14,110942.66534171635,182517.30909622545,128803.4136585,261663.527125
2024-11-15,109803.38361415407,179932.21165263827,127156.96365849998,258311.02712499996
2024-11-18,110592.58849065407,180362.3927010636,127676.31365849999,259368.527125
2024-11-19,110261.74044665406,180764.20935406358,128142.6236585,260318.027125
2024-11-20,110479.24139891581,181211.9767695636,128186.82365850001,260408.027125
2024-11-21,111838.95394541581,182756.07284600727,128871.9236585,261803.02712500002
2024-11-22,112503.17228541581,183670.64377150725,129271.9336585,262617.527125
2024-11-25,113638.41057441582,184725.95225950726,129709.5136585,263508.527125
2024-11-26,112910.41718341582,184533.70743600727,130383.56365849999,264881.027125
2024-11-27,113098.05781391579,184752.7942365225,129990.1836585,264080.027125
2024-11-29,113945.53663741582,185320.51891902252,130794.6236585,265718.027125
2024-12-02,114138.50652114867,185248.45345702674,131028.88365850001,266195.027125
2024-12-03,114096.21968414867,185937.04708852674,131090.7636585,266321.027125
2024-12-04,113614.01269514867,185924.24845302675,131901.8336585,267972.527125
2024-12-05,113388.36703964867,185564.14495052677,131685.25365849998,267531.527125
2024-12-06,113020.7401322225,185743.60074652673,131934.9836585,268040.027125
2024-12-09,113210.5838734147,185244.73624677444,131256.5136585,266658.527125
2024-12-10,112319.6896960859,184225.6627012744,130849.8736585,265830.527125
2024-12-11,112220.34624508591,184452.17220569096,131857.6336585,267882.527125
2024-12-12,111502.0911980859,183535.53515740167,131181.3736585,266505.527125
2024-12-13,110916.67550481355,183077.285604835,131154.8536585,266451.527125
2024-12-16,110191.15582731357,181657.2916507533,131713.9836585,267590.027125
2024-12-17,109730.26508434775,180978.37314117933,131172.5336585,266487.527125
2024-12-18,106731.5810515649,176908.63319155376,127271.88365850001,258545.02712500002
2024-12-19,106446.39081686555,176951.85738879282,127234.31365849999,258468.527125
2024-12-20,107941.18147836553,179322.25795111893,128757.00365849999,261569.02712499996
2024-12-23,108230.21974486552,179726.00244261895,129526.08365849999,263135.027125
2024-12-24,108898.67793686553,180765.40043211897,130962.58365849999,266060.027125
2024-12-26,109008.69492836556,180933.83349111897,130971.4236585,266078.027125
2024-12-27,108313.81799236554,179253.157185119,129596.80365850001,263279.027125
2024-12-30,107218.09880723304,177856.21127932897,128120.5236585,260273.02712499996
2024-12-31,107617.14371973304,177392.20486182897,127656.4236585,259328.02712500002
